Date	Closing Price (USD)	Behavior
2013-10-01 04:00:00.000	123.65498999999998	0
2013-10-02 04:00:00.000	125.455	1
2013-10-03 04:00:00.000	108.58483000000001	0
2013-10-04 04:00:00.000	118.67466	1
2013-10-05 04:00:00.000	121.33866	1
2013-10-06 04:00:00.000	120.65533	0
2013-10-07 04:00:00.000	121.795	1
2013-10-08 04:00:00.000	123.03299999999999	1
2013-10-09 04:00:00.000	124.04899999999999	1
2013-10-10 04:00:00.000	125.96116	1
2013-10-11 04:00:00.000	125.27966	0
2013-10-12 04:00:00.000	125.9275	1
2013-10-13 04:00:00.000	126.38333	1
2013-10-14 04:00:00.000	135.24199	1
2013-10-15 04:00:00.000	133.20333	0
2013-10-16 04:00:00.000	142.76333	1
2013-10-17 04:00:00.000	137.92333	0
2013-10-18 04:00:00.000	142.95166	1
2013-10-19 04:00:00.000	152.55183	1
2013-10-20 04:00:00.000	160.33883	1
2013-10-21 04:00:00.000	164.31499	1
2013-10-22 04:00:00.000	177.63333	1
2013-10-23 04:00:00.000	188.29716000000002	1
2013-10-24 04:00:00.000	200.70166	1
2013-10-25 04:00:00.000	180.355	0
2013-10-26 04:00:00.000	175.03166000000002	0
2013-10-27 04:00:00.000	177.6965	1
2013-10-28 04:00:00.000	187.15983	1
2013-10-29 04:00:00.000	192.75666	1
2013-10-30 04:00:00.000	197.4	1
2013-10-31 04:00:00.000	196.02499	0
2013-11-01 04:00:00.000	198.04883	1
2013-11-02 04:00:00.000	198.93233	1
2013-11-03 04:00:00.000	200.543	1
2013-11-04 05:00:00.000	210.3075	1
2013-11-05 05:00:00.000	225.02	1
2013-11-06 05:00:00.000	248.25332999999998	1
2013-11-07 05:00:00.000	262.32666	1
2013-11-08 05:00:00.000	294.48699	1
2013-11-09 05:00:00.000	331.10325	1
2013-11-10 05:00:00.000	285.8875	0
2013-11-11 05:00:00.000	304.97974	1
2013-11-12 05:00:00.000	338.13699999999994	1
2013-11-13 05:00:00.000	357.48	1
2013-11-14 05:00:00.000	402.954	1
2013-11-15 05:00:00.000	409.10375	1
2013-11-16 05:00:00.000	420.21649	1
2013-11-17 05:00:00.000	437.29725	1
2013-11-18 05:00:00.000	510.6025	1
2013-11-19 05:00:00.000	693.65	1
2013-11-20 05:00:00.000	531.54249	0
2013-11-21 05:00:00.000	574.71599	1
2013-11-22 05:00:00.000	681.33	1
2013-11-23 05:00:00.000	774.18	1
2013-11-24 05:00:00.000	746.19374	0
2013-11-25 05:00:00.000	768.8475	1
2013-11-26 05:00:00.000	789.36475	1
2013-11-27 05:00:00.000	893.1815	1
2013-11-28 05:00:00.000	934.355	1
2013-11-29 05:00:00.000	1068.363	1
2013-11-30 05:00:00.000	1154.92593	1
2013-12-01 05:00:00.000	1099.51926	0
2013-12-02 05:00:00.000	1019.7896599999999	0
2013-12-03 05:00:00.000	1028.845	1
2013-12-04 05:00:00.000	1071.2848	1
2013-12-05 05:00:00.000	1139.33083	1
2013-12-06 05:00:00.000	1004.6163300000001	0
2013-12-07 05:00:00.000	759.4304099999999	0
2013-12-08 05:00:00.000	689.81	0
2013-12-09 05:00:00.000	841.83966	1
2013-12-10 05:00:00.000	916.7759900000001	1
2013-12-11 05:00:00.000	967.4286599999999	1
2013-12-12 05:00:00.000	866.2900300000001	0
2013-12-13 05:00:00.000	911.23204	1
2013-12-14 05:00:00.000	889.8194599999999	0
2013-12-15 05:00:00.000	848.9975	0
2013-12-16 05:00:00.000	868.9531599999999	1
2013-12-17 05:00:00.000	653.80483	0
2013-12-18 05:00:00.000	654.0626599999999	1
2013-12-19 05:00:00.000	553.69166	0
2013-12-20 05:00:00.000	693.05883	1
2013-12-21 05:00:00.000	649.38965	0
2013-12-22 05:00:00.000	595.95883	0
2013-12-23 05:00:00.000	647.6831599999999	1
2013-12-24 05:00:00.000	671.58116	1
2013-12-25 05:00:00.000	659.84333	0
2013-12-26 05:00:00.000	702.00083	1
2013-12-27 05:00:00.000	758.0101599999999	1
2013-12-28 05:00:00.000	734.01166	0
2013-12-29 05:00:00.000	717.92623	0
2013-12-30 05:00:00.000	752.8202200000001	1
2013-12-31 05:00:00.000	744.17249	0
2014-01-01 05:00:00.000	768.40783	1
2014-01-02 05:00:00.000	769.0984900000001	1
2014-01-03 05:00:00.000	804.02719	1
2014-01-04 05:00:00.000	813.3174799999999	1
2014-01-05 05:00:00.000	871.1158300000001	1
2014-01-06 05:00:00.000	970.65083	1
2014-01-07 05:00:00.000	962.4644699999999	0
2014-01-08 05:00:00.000	855.7593300000001	0
2014-01-09 05:00:00.000	860.8416599999999	1
2014-01-10 05:00:00.000	847.5325	0
2014-01-11 05:00:00.000	892.26115	1
2014-01-12 05:00:00.000	916.69666	1
2014-01-13 05:00:00.000	873.2716800000001	0
2014-01-14 05:00:00.000	863.69888	0
2014-01-15 05:00:00.000	853.25666	0
2014-01-16 05:00:00.000	874.07416	1
2014-01-17 05:00:00.000	842.1917300000001	0
2014-01-18 05:00:00.000	834.8666599999999	0
2014-01-19 05:00:00.000	838.4291599999999	1
2014-01-20 05:00:00.000	881.8758300000001	1
2014-01-21 05:00:00.000	873.2891599999999	0
2014-01-22 05:00:00.000	874.13266	1
2014-01-23 05:00:00.000	864.56116	0
2014-01-24 05:00:00.000	838.14997	0
2014-01-25 05:00:00.000	834.57416	0
2014-01-26 05:00:00.000	858.12641	1
2014-01-27 05:00:00.000	887.08337	1
2014-01-28 05:00:00.000	830.53133	0
2014-01-29 05:00:00.000	832.89496	1
2014-01-30 05:00:00.000	832.87399	0
2014-01-31 05:00:00.000	841.48914	1
2014-02-01 05:00:00.000	847.3638300000001	1
2014-02-02 05:00:00.000	854.7225	1
2014-02-03 05:00:00.000	856.0336599999999	1
2014-02-04 05:00:00.000	847.70697	0
2014-02-05 05:00:00.000	844.28836	0
2014-02-06 05:00:00.000	802.75333	0
2014-02-07 05:00:00.000	748.43559	0
2014-02-08 05:00:00.000	692.6691400000001	0
2014-02-09 05:00:00.000	668.86463	0
2014-02-10 05:00:00.000	700.44843	1
2014-02-11 05:00:00.000	694.3125	0
2014-02-12 05:00:00.000	665.7975	0
2014-02-13 05:00:00.000	645.615	0
2014-02-14 05:00:00.000	578.4125	0
2014-02-15 05:00:00.000	641.91	1
2014-02-16 05:00:00.000	656.2725	1
2014-02-17 05:00:00.000	611.04499	0
2014-02-18 05:00:00.000	634.99	1
2014-02-19 05:00:00.000	618.79	0
2014-02-20 05:00:00.000	619.8425	1
2014-02-21 05:00:00.000	545.7625	0
2014-02-22 05:00:00.000	561.535	1
2014-02-23 05:00:00.000	622.22	1
2014-02-24 05:00:00.000	572.7675	0
2014-02-25 05:00:00.000	501.155	0
2014-02-26 05:00:00.000	550.6025	1
2014-02-27 05:00:00.000	573.1025	1
2014-02-28 05:00:00.000	567.2925	0
2014-03-01 05:00:00.000	551.73	0
2014-03-02 05:00:00.000	560.195	1
2014-03-03 05:00:00.000	567.7	1
2014-03-04 05:00:00.000	666.1475	1
2014-03-05 05:00:00.000	660.84	0
2014-03-06 05:00:00.000	662.0225	1
2014-03-07 05:00:00.000	651.285	0
2014-03-08 05:00:00.000	612.33	0
2014-03-09 05:00:00.000	611.1625	0
2014-03-10 04:00:00.000	637.615	1
2014-03-11 04:00:00.000	626.0	0
2014-03-12 04:00:00.000	633.7474900000001	1
2014-03-13 04:00:00.000	631.755	0
2014-03-14 04:00:00.000	636.4141400000001	1
2014-03-15 04:00:00.000	628.18751	0
2014-03-16 04:00:00.000	632.9533299999999	1
2014-03-17 04:00:00.000	630.34833	0
2014-03-18 04:00:00.000	617.24333	0
2014-03-19 04:00:00.000	616.86665	0
2014-03-20 04:00:00.000	601.015	0
2014-03-21 04:00:00.000	581.3333299999999	0
2014-03-22 04:00:00.000	570.36168	0
2014-03-23 04:00:00.000	562.9533299999999	0
2014-03-24 04:00:00.000	557.16833	0
2014-03-25 04:00:00.000	573.34998	1
2014-03-26 04:00:00.000	572.4916099999999	0
2014-03-27 04:00:00.000	570.54833	0
2014-03-28 04:00:00.000	509.70665	0
2014-03-29 04:00:00.000	499.24998	0
2014-03-30 04:00:00.000	486.80845	0
2014-03-31 04:00:00.000	472.4783	0
2014-04-01 04:00:00.000	464.88	0
2014-04-02 04:00:00.000	480.16580999999996	1
2014-04-03 04:00:00.000	427.87498	0
2014-04-04 04:00:00.000	432.99715999999995	1
2014-04-05 04:00:00.000	453.87147999999996	1
2014-04-06 04:00:00.000	462.445	1
2014-04-07 04:00:00.000	456.46948	0
2014-04-08 04:00:00.000	452.81	0
2014-04-09 04:00:00.000	450.48082999999997	0
2014-04-10 04:00:00.000	426.98332999999997	0
2014-04-11 04:00:00.000	374.59166	0
2014-04-12 04:00:00.000	438.24665999999996	1
2014-04-13 04:00:00.000	423.51565999999997	0
2014-04-14 04:00:00.000	409.03166	0
2014-04-15 04:00:00.000	455.28315999999995	1
2014-04-16 04:00:00.000	517.0966599999999	1
2014-04-17 04:00:00.000	522.455	1
2014-04-18 04:00:00.000	490.8785	0
2014-04-19 04:00:00.000	469.38332	0
2014-04-20 04:00:00.000	507.80663	1
2014-04-21 04:00:00.000	505.09665	0
2014-04-22 04:00:00.000	497.65000999999995	0
2014-04-23 04:00:00.000	487.84	0
2014-04-24 04:00:00.000	487.11332999999996	0
2014-04-25 04:00:00.000	469.08815999999996	0
2014-04-26 04:00:00.000	448.77834	0
2014-04-27 04:00:00.000	452.14829000000003	1
2014-04-28 04:00:00.000	426.78166	0
2014-04-29 04:00:00.000	432.60497999999995	1
2014-04-30 04:00:00.000	444.85668	1
2014-05-01 04:00:00.000	454.55665999999997	1
2014-05-02 04:00:00.000	453.59833	0
2014-05-03 04:00:00.000	441.97832999999997	0
2014-05-04 04:00:00.000	438.29035	0
2014-05-05 04:00:00.000	432.78747999999996	0
2014-05-06 04:00:00.000	418.61831	0
2014-05-07 04:00:00.000	428.42593	1
2014-05-08 04:00:00.000	442.57665999999995	1
2014-05-09 04:00:00.000	439.04	0
2014-05-10 04:00:00.000	449.04332999999997	1
2014-05-11 04:00:00.000	449.74165999999997	1
2014-05-12 04:00:00.000	434.27	0
2014-05-13 04:00:00.000	437.0	1
2014-05-14 04:00:00.000	438.88	1
2014-05-15 04:00:00.000	445.045	1
2014-05-16 04:00:00.000	443.18	0
2014-05-17 04:00:00.000	445.60666	1
2014-05-18 04:00:00.000	445.15666	0
2014-05-19 04:00:00.000	444.73832999999996	0
2014-05-20 04:00:00.000	455.65333	1
2014-05-21 04:00:00.000	489.86999000000003	1
2014-05-22 04:00:00.000	490.18665999999996	1
2014-05-23 04:00:00.000	522.31	1
2014-05-24 04:00:00.000	512.30833	0
2014-05-25 04:00:00.000	533.9299900000001	1
2014-05-26 04:00:00.000	579.59333	1
2014-05-27 04:00:00.000	581.51	1
2014-05-28 04:00:00.000	572.4483299999999	0
2014-05-29 04:00:00.000	562.4	0
2014-05-30 04:00:00.000	571.845	1
2014-05-31 04:00:00.000	612.12666	1
2014-06-01 04:00:00.000	638.16333	1
2014-06-02 04:00:00.000	634.98333	0
2014-06-03 04:00:00.000	660.2466599999999	1
2014-06-04 04:00:00.000	627.79833	0
2014-06-05 04:00:00.000	642.89166	1
2014-06-06 04:00:00.000	652.52666	1
2014-06-07 04:00:00.000	648.6016599999999	0
2014-06-08 04:00:00.000	652.5916599999999	1
2014-06-09 04:00:00.000	652.11	0
2014-06-10 04:00:00.000	644.085	0
2014-06-11 04:00:00.000	642.00666	0
2014-06-12 04:00:00.000	632.55	0
2014-06-13 04:00:00.000	585.48333	0
2014-06-14 04:00:00.000	588.52333	1
2014-06-15 04:00:00.000	570.28833	0
2014-06-16 04:00:00.000	589.06666	1
2014-06-17 04:00:00.000	592.25666	1
2014-06-18 04:00:00.000	610.41333	1
2014-06-19 04:00:00.000	601.88666	0
2014-06-20 04:00:00.000	594.09333	0
2014-06-21 04:00:00.000	582.04499	0
2014-06-22 04:00:00.000	599.57	1
2014-06-23 04:00:00.000	592.405	0
2014-06-24 04:00:00.000	584.64166	0
2014-06-25 04:00:00.000	575.905	0
2014-06-26 04:00:00.000	571.76666	0
2014-06-27 04:00:00.000	582.43166	1
2014-06-28 04:00:00.000	597.66833	1
2014-06-29 04:00:00.000	598.73333	1
2014-06-30 04:00:00.000	597.51333	0
2014-07-01 04:00:00.000	647.1224900000001	1
2014-07-02 04:00:00.000	637.85625	0
2014-07-03 04:00:00.000	642.65125	1
2014-07-04 04:00:00.000	643.95124	1
2014-07-05 04:00:00.000	628.41625	0
2014-07-06 04:00:00.000	631.03	1
2014-07-07 04:00:00.000	631.29875	1
2014-07-08 04:00:00.000	621.2424900000001	0
2014-07-09 04:00:00.000	620.72	0
2014-07-10 04:00:00.000	621.3075	1
2014-07-11 04:00:00.000	616.8312400000001	0
2014-07-12 04:00:00.000	634.35749	1
2014-07-13 04:00:00.000	627.69	0
2014-07-14 04:00:00.000	621.4249900000001	0
2014-07-15 04:00:00.000	618.73875	0
2014-07-16 04:00:00.000	619.8075	1
2014-07-17 04:00:00.000	614.68875	0
2014-07-18 04:00:00.000	623.4974900000001	1
2014-07-19 04:00:00.000	623.99625	1
2014-07-20 04:00:00.000	623.00625	0
2014-07-21 04:00:00.000	617.9612400000001	0
2014-07-22 04:00:00.000	622.10749	1
2014-07-23 04:00:00.000	618.4475	0
2014-07-24 04:00:00.000	617.6875	0
2014-07-25 04:00:00.000	602.93125	0
2014-07-26 04:00:00.000	597.585	0
2014-07-27 04:00:00.000	592.96375	0
2014-07-28 04:00:00.000	580.11	0
2014-07-29 04:00:00.000	585.44875	1
2014-07-30 04:00:00.000	580.5175	0
2014-07-31 04:00:00.000	564.57	0
2014-08-01 04:00:00.000	583.39	1
2014-08-02 04:00:00.000	593.80625	1
2014-08-03 04:00:00.000	581.52	0
2014-08-04 04:00:00.000	585.80125	1
2014-08-05 04:00:00.000	582.33375	0
2014-08-06 04:00:00.000	582.52125	1
2014-08-07 04:00:00.000	583.62375	1
2014-08-08 04:00:00.000	595.80875	1
2014-08-09 04:00:00.000	585.39625	0
2014-08-10 04:00:00.000	586.05875	1
2014-08-11 04:00:00.000	588.7525	1
2014-08-12 04:00:00.000	566.31625	0
2014-08-13 04:00:00.000	565.55125	0
2014-08-14 04:00:00.000	534.54	0
2014-08-15 04:00:00.000	511.4725	0
2014-08-16 04:00:00.000	487.56625	0
2014-08-17 04:00:00.000	516.62625	1
2014-08-18 04:00:00.000	489.4675	0
2014-08-19 04:00:00.000	455.91625	0
2014-08-20 04:00:00.000	472.91	1
2014-08-21 04:00:00.000	519.015	1
2014-08-22 04:00:00.000	508.12875	0
2014-08-23 04:00:00.000	507.51	0
2014-08-24 04:00:00.000	501.63125	0
2014-08-25 04:00:00.000	503.32125	1
2014-08-26 04:00:00.000	504.62625	1
2014-08-27 04:00:00.000	513.39125	1
2014-08-28 04:00:00.000	514.62375	1
2014-08-29 04:00:00.000	506.025	0
2014-08-30 04:00:00.000	504.70625	0
2014-08-31 04:00:00.000	502.055	0
2014-09-01 04:00:00.000	474.5425	0
2014-09-02 04:00:00.000	477.98375	1
2014-09-03 04:00:00.000	476.88375	0
2014-09-04 04:00:00.000	475.65	0
2014-09-05 04:00:00.000	485.65125	1
2014-09-06 04:00:00.000	480.9075	0
2014-09-07 04:00:00.000	481.88375	1
2014-09-08 04:00:00.000	473.58625	0
2014-09-09 04:00:00.000	468.5775	0
2014-09-10 04:00:00.000	474.29125	1
2014-09-11 04:00:00.000	479.4175	1
2014-09-12 04:00:00.000	473.6725	0
2014-09-13 04:00:00.000	471.5325	0
2014-09-14 04:00:00.000	475.37875	1
2014-09-15 04:00:00.000	475.02125	0
2014-09-16 04:00:00.000	471.08375	0
2014-09-17 04:00:00.000	464.55375	0
2014-09-18 04:00:00.000	449.95875	0
2014-09-19 04:00:00.000	425.4475	0
2014-09-20 04:00:00.000	410.08	0
2014-09-21 04:00:00.000	405.79625	0
2014-09-22 04:00:00.000	399.0975	0
2014-09-23 04:00:00.000	399.5025	1
2014-09-24 04:00:00.000	427.8125	1
2014-09-25 04:00:00.000	416.12	0
2014-09-26 04:00:00.000	410.15	0
2014-09-27 04:00:00.000	403.4975	0
2014-09-28 04:00:00.000	398.84	0
2014-09-29 04:00:00.000	377.97875	0
2014-09-30 04:00:00.000	376.08375	0
2014-10-01 04:00:00.000	387.94	1
2014-10-02 04:00:00.000	381.7475	0
2014-10-03 04:00:00.000	372.0575	0
2014-10-04 04:00:00.000	360.7525	0
2014-10-05 04:00:00.000	335.98125	0
2014-10-06 04:00:00.000	308.07875	0
2014-10-07 04:00:00.000	337.23375	1
2014-10-08 04:00:00.000	326.2325	0
2014-10-09 04:00:00.000	351.34625	1
2014-10-10 04:00:00.000	368.59625	1
2014-10-11 04:00:00.000	359.2025	0
2014-10-12 04:00:00.000	356.99875	0
2014-10-13 04:00:00.000	371.15625	1
2014-10-14 04:00:00.000	392.7825	1
2014-10-15 04:00:00.000	396.34625	1
2014-10-16 04:00:00.000	392.56625	0
2014-10-17 04:00:00.000	376.26875	0
2014-10-18 04:00:00.000	378.675	1
2014-10-19 04:00:00.000	390.95875	1
2014-10-20 04:00:00.000	381.72375	0
2014-10-21 04:00:00.000	380.0575	0
2014-10-22 04:00:00.000	382.93875	1
2014-10-23 04:00:00.000	376.59	0
2014-10-24 04:00:00.000	351.7825	0
2014-10-25 04:00:00.000	353.6325	1
2014-10-26 04:00:00.000	345.1925	0
2014-10-27 04:00:00.000	350.9775	1
2014-10-28 04:00:00.000	349.79625	0
2014-10-29 04:00:00.000	348.9025	0
2014-10-30 04:00:00.000	335.53625	0
2014-10-31 04:00:00.000	343.55875	1
2014-11-01 04:00:00.000	338.0105	0
2014-11-02 04:00:00.000	325.22632999999996	0
2014-11-03 05:00:00.000	331.60083	1
2014-11-04 05:00:00.000	324.71833	0
2014-11-05 05:00:00.000	332.45666	1
2014-11-06 05:00:00.000	336.585	1
2014-11-07 05:00:00.000	346.775	1
2014-11-08 05:00:00.000	344.81166	0
2014-11-09 05:00:00.000	343.065	0
2014-11-10 05:00:00.000	358.50166	1
2014-11-11 05:00:00.000	368.07666	1
2014-11-12 05:00:00.000	376.99666	1
2014-11-13 05:00:00.000	442.10666	1
2014-11-14 05:00:00.000	389.00333	0
2014-11-15 05:00:00.000	394.92666	1
2014-11-16 05:00:00.000	377.08	0
2014-11-17 05:00:00.000	400.47166	1
2014-11-18 05:00:00.000	384.93	0
2014-11-19 05:00:00.000	375.83333	0
2014-11-20 05:00:00.000	376.16	1
2014-11-21 05:00:00.000	348.565	0
2014-11-22 05:00:00.000	352.42	1
2014-11-23 05:00:00.000	356.8	1
2014-11-24 05:00:00.000	367.83	1
2014-11-25 05:00:00.000	381.20666	1
2014-11-26 05:00:00.000	375.49800000000005	0
2014-11-27 05:00:00.000	372.819	0
2014-11-28 05:00:00.000	368.983	0
2014-11-29 05:00:00.000	375.44	1
2014-11-30 05:00:00.000	376.851	1
2014-12-01 05:00:00.000	376.13218	0
2014-12-02 05:00:00.000	377.86199999999997	1
2014-12-03 05:00:00.000	382.452	1
2014-12-04 05:00:00.000	376.38199999999995	0
2014-12-05 05:00:00.000	368.3618	0
2014-12-06 05:00:00.000	373.414	1
2014-12-07 05:00:00.000	373.744	1
2014-12-08 05:00:00.000	373.155	0
2014-12-09 05:00:00.000	357.884	0
2014-12-10 05:00:00.000	348.898	0
2014-12-11 05:00:00.000	341.041	0
2014-12-12 05:00:00.000	348.272	1
2014-12-13 05:00:00.000	346.74199999999996	0
2014-12-14 05:00:00.000	347.348	1
2014-12-15 05:00:00.000	348.67400000000004	1
2014-12-16 05:00:00.000	338.54699999999997	0
2014-12-17 05:00:00.000	330.536	0
2014-12-18 05:00:00.000	317.405	0
2014-12-19 05:00:00.000	306.45999	0
2014-12-20 05:00:00.000	319.19599999999997	1
2014-12-21 05:00:00.000	321.89299	1
2014-12-22 05:00:00.000	320.03499	0
2014-12-23 05:00:00.000	328.70099999999996	1
2014-12-24 05:00:00.000	332.05300000000005	1
2014-12-25 05:00:00.000	321.38599999999997	0
2014-12-26 05:00:00.000	318.563	0
2014-12-27 05:00:00.000	320.868	1
2014-12-28 05:00:00.000	316.009	0
2014-12-29 05:00:00.000	315.64	0
2014-12-30 05:00:00.000	313.994	0
2014-12-31 05:00:00.000	309.903	0
2015-01-01 05:00:00.000	317.204	1
2015-01-02 05:00:00.000	314.49899	0
2015-01-03 05:00:00.000	311.14099	0
2015-01-04 05:00:00.000	277.853	0
2015-01-05 05:00:00.000	270.813	0
2015-01-06 05:00:00.000	272.0175	1
2015-01-07 05:00:00.000	283.84125	1
2015-01-08 05:00:00.000	290.485	1
2015-01-09 05:00:00.000	281.03625	0
2015-01-10 05:00:00.000	286.688	1
2015-01-11 05:00:00.000	277.64999	0
2015-01-12 05:00:00.000	268.10199	0
2015-01-13 05:00:00.000	243.081	0
2015-01-14 05:00:00.000	219.128	0
2015-01-15 05:00:00.000	193.3511	0
2015-01-16 05:00:00.000	220.5745	1
2015-01-17 05:00:00.000	209.1655	0
2015-01-18 05:00:00.000	195.59467	0
2015-01-19 05:00:00.000	212.2711	1
2015-01-20 05:00:00.000	211.5401	0
2015-01-21 05:00:00.000	212.28249	1
2015-01-22 05:00:00.000	230.6754	1
2015-01-23 05:00:00.000	226.30418999999998	0
2015-01-24 05:00:00.000	231.4242	1
2015-01-25 05:00:00.000	251.606	1
2015-01-26 05:00:00.000	283.59769	1
2015-01-27 05:00:00.000	258.5374	0
2015-01-28 05:00:00.000	257.447	0
2015-01-29 05:00:00.000	235.94799999999998	0
2015-01-30 05:00:00.000	233.141	0
2015-01-31 05:00:00.000	226.94116	0
2015-02-01 05:00:00.000	216.66066	0
2015-02-02 05:00:00.000	229.80441000000002	1
2015-02-03 05:00:00.000	237.65175	1
2015-02-04 05:00:00.000	225.83857999999998	0
2015-02-05 05:00:00.000	226.554	1
2015-02-06 05:00:00.000	219.75625	0
2015-02-07 05:00:00.000	225.46666000000002	1
2015-02-08 05:00:00.000	225.73291	1
2015-02-09 05:00:00.000	222.78408	0
2015-02-10 05:00:00.000	220.16725	0
2015-02-11 05:00:00.000	223.00366	1
2015-02-12 05:00:00.000	218.72832999999997	0
2015-02-13 05:00:00.000	223.96716	1
2015-02-14 05:00:00.000	237.65716	1
2015-02-15 05:00:00.000	256.21758	1
2015-02-16 05:00:00.000	230.1355	0
2015-02-17 05:00:00.000	235.71275	1
2015-02-18 05:00:00.000	242.93183	1
2015-02-19 05:00:00.000	237.1035	0
2015-02-20 05:00:00.000	241.07182999999998	1
2015-02-21 05:00:00.000	245.70566000000002	1
2015-02-22 05:00:00.000	245.145	0
2015-02-23 05:00:00.000	235.14141	0
2015-02-24 05:00:00.000	238.93183	1
2015-02-25 05:00:00.000	238.15225	0
2015-02-26 05:00:00.000	235.67716000000001	0
2015-02-27 05:00:00.000	251.28907999999998	1
2015-02-28 05:00:00.000	251.03416	0
2015-03-01 05:00:00.000	251.9314	1
2015-03-02 05:00:00.000	258.8485	1
2015-03-03 05:00:00.000	270.7625	1
2015-03-04 05:00:00.000	278.1172	1
2015-03-05 05:00:00.000	269.2606	0
2015-03-06 05:00:00.000	274.8977	1
2015-03-07 05:00:00.000	270.86109	0
2015-03-08 05:00:00.000	276.72789	1
2015-03-09 04:00:00.000	277.98519	1
2015-03-10 04:00:00.000	294.1886	1
2015-03-11 04:00:00.000	289.7149	0
2015-03-12 04:00:00.000	292.8678	1
2015-03-13 04:00:00.000	293.224	1
2015-03-14 04:00:00.000	282.644	0
2015-03-15 04:00:00.000	283.0809	1
2015-03-16 04:00:00.000	290.61579	1
2015-03-17 04:00:00.000	290.54200000000003	0
2015-03-18 04:00:00.000	283.7507	0
2015-03-19 04:00:00.000	252.44789	0
2015-03-20 04:00:00.000	263.4741	1
2015-03-21 04:00:00.000	259.913	0
2015-03-22 04:00:00.000	259.3943	0
2015-03-23 04:00:00.000	267.5549	1
2015-03-24 04:00:00.000	265.27299999999997	0
2015-03-25 04:00:00.000	246.6733	0
2015-03-26 04:00:00.000	245.6489	0
2015-03-27 04:00:00.000	246.5497	1
2015-03-28 04:00:00.000	248.4467	1
2015-03-29 04:00:00.000	246.72799999999998	0
2015-03-30 04:00:00.000	245.1133	0
2015-03-31 04:00:00.000	247.2639	1
2015-04-01 04:00:00.000	243.3028	0
2015-04-02 04:00:00.000	246.96	1
2015-04-03 04:00:00.000	252.0578	1
2015-04-04 04:00:00.000	253.4334	1
2015-04-05 04:00:00.000	252.0256	0
2015-04-06 04:00:00.000	260.3589	1
2015-04-07 04:00:00.000	252.0909	0
2015-04-08 04:00:00.000	252.8629	1
2015-04-09 04:00:00.000	244.0449	0
2015-04-10 04:00:00.000	240.9478	0
2015-04-11 04:00:00.000	236.4388	0
2015-04-12 04:00:00.000	236.5542	1
2015-04-13 04:00:00.000	235.52200000000002	0
2015-04-14 04:00:00.000	222.6009	0
2015-04-15 04:00:00.000	220.9126	0
2015-04-16 04:00:00.000	226.0171	1
2015-04-17 04:00:00.000	227.9255	1
2015-04-18 04:00:00.000	223.317	0
2015-04-19 04:00:00.000	223.4062	1
2015-04-20 04:00:00.000	223.9214	1
2015-04-21 04:00:00.000	224.9815	1
2015-04-22 04:00:00.000	235.50368999999998	1
2015-04-23 04:00:00.000	234.15749	0
2015-04-24 04:00:00.000	233.40079	0
2015-04-25 04:00:00.000	228.92379	0
2015-04-26 04:00:00.000	219.94548999999998	0
2015-04-27 04:00:00.000	219.19029	0
2015-04-28 04:00:00.000	227.3867	1
2015-04-29 04:00:00.000	225.3545	0
2015-04-30 04:00:00.000	225.9976	1
2015-05-01 04:00:00.000	236.6827	1
2015-05-02 04:00:00.000	233.8511	0
2015-05-03 04:00:00.000	236.2378	1
2015-05-04 04:00:00.000	240.3646	1
2015-05-05 04:00:00.000	235.6033	0
2015-05-06 04:00:00.000	235.6017	0
2015-05-07 04:00:00.000	230.4207	0
2015-05-08 04:00:00.000	237.05900000000003	1
2015-05-09 04:00:00.000	244.6989	1
2015-05-10 04:00:00.000	241.516	0
2015-05-11 04:00:00.000	239.4036	0
2015-05-12 04:00:00.000	240.00079	1
2015-05-13 04:00:00.000	241.3529	1
2015-05-14 04:00:00.000	235.5478	0
2015-05-15 04:00:00.000	237.5737	1
2015-05-16 04:00:00.000	236.657	0
2015-05-17 04:00:00.000	236.33900000000003	0
2015-05-18 04:00:00.000	236.2319	0
2015-05-19 04:00:00.000	233.3119	0
2015-05-20 04:00:00.000	232.7193	0
2015-05-21 04:00:00.000	234.204	1
2015-05-22 04:00:00.000	235.86328999999998	1
2015-05-23 04:00:00.000	240.1588	1
2015-05-24 04:00:00.000	239.7985	0
2015-05-25 04:00:00.000	240.9415	1
2015-05-26 04:00:00.000	237.6588	0
2015-05-27 04:00:00.000	237.1844	0
2015-05-28 04:00:00.000	237.6708	1
2015-05-29 04:00:00.000	237.2277	0
2015-05-30 04:00:00.000	236.1404	0
2015-05-31 04:00:00.000	233.3328	0
2015-06-01 04:00:00.000	230.8331	0
2015-06-02 04:00:00.000	223.415	0
2015-06-03 04:00:00.000	226.6168	1
2015-06-04 04:00:00.000	225.44400000000002	0
2015-06-05 04:00:00.000	223.9665	0
2015-06-06 04:00:00.000	224.2525	1
2015-06-07 04:00:00.000	225.8403	1
2015-06-08 04:00:00.000	223.69458999999998	0
2015-06-09 04:00:00.000	228.1884	1
2015-06-10 04:00:00.000	229.2025	1
2015-06-11 04:00:00.000	229.9599	1
2015-06-12 04:00:00.000	229.9082	0
2015-06-13 04:00:00.000	230.6695	1
2015-06-14 04:00:00.000	233.1445	1
2015-06-15 04:00:00.000	234.7473	1
2015-06-16 04:00:00.000	237.39899	1
2015-06-17 04:00:00.000	248.7435	1
2015-06-18 04:00:00.000	247.2359	0
2015-06-19 04:00:00.000	249.0733	1
2015-06-20 04:00:00.000	240.7897	0
2015-06-21 04:00:00.000	244.15625	1
2015-06-22 04:00:00.000	244.9588	1
2015-06-23 04:00:00.000	247.1273	1
2015-06-24 04:00:00.000	243.37099999999998	0
2015-06-25 04:00:00.000	240.9204	0
2015-06-26 04:00:00.000	242.31912000000003	1
2015-06-27 04:00:00.000	242.28812000000002	0
2015-06-28 04:00:00.000	250.382	1
2015-06-29 04:00:00.000	249.42725	0
2015-06-30 04:00:00.000	258.38549	1
2015-07-01 04:00:00.000	261.71749	1
2015-07-02 04:00:00.000	259.62937	0
2015-07-03 04:00:00.000	255.52675	0
2015-07-04 04:00:00.000	253.87887	0
2015-07-05 04:00:00.000	261.42899	1
2015-07-06 04:00:00.000	267.60762	1
2015-07-07 04:00:00.000	270.07587	1
2015-07-08 04:00:00.000	264.356	0
2015-07-09 04:00:00.000	267.943	1
2015-07-10 04:00:00.000	269.24925	1
2015-07-11 04:00:00.000	286.53662	1
2015-07-12 04:00:00.000	301.03837000000004	1
2015-07-13 04:00:00.000	304.9905	1
2015-07-14 04:00:00.000	290.93137	0
2015-07-15 04:00:00.000	288.48787000000004	0
2015-07-16 04:00:00.000	287.55762000000004	0
2015-07-17 04:00:00.000	276.97924	0
2015-07-18 04:00:00.000	278.33337	1
2015-07-19 04:00:00.000	275.30687	0
2015-07-20 04:00:00.000	274.28387000000004	0
2015-07-21 04:00:00.000	279.45925	1
2015-07-22 04:00:00.000	274.87242000000003	0
2015-07-23 04:00:00.000	276.2095	1
2015-07-24 04:00:00.000	276.24491	1
2015-07-25 04:00:00.000	287.55582999999996	1
2015-07-26 04:00:00.000	287.83983	1
2015-07-27 04:00:00.000	291.20091	1
2015-07-28 04:00:00.000	293.15058	1
2015-07-29 04:00:00.000	292.99425	0
2015-07-30 04:00:00.000	288.61658	0
2015-07-31 04:00:00.000	286.74491	0
2015-08-01 04:00:00.000	282.33741000000003	0
2015-08-02 04:00:00.000	278.68258	0
2015-08-03 04:00:00.000	279.48591	1
2015-08-04 04:00:00.000	283.49091	1
2015-08-05 04:00:00.000	284.24366000000003	1
2015-08-06 04:00:00.000	280.9375	0
2015-08-07 04:00:00.000	275.92866000000004	0
2015-08-08 04:00:00.000	278.2765	1
2015-08-09 04:00:00.000	261.75225	0
2015-08-10 04:00:00.000	265.0825	1
2015-08-11 04:00:00.000	264.87516	0
2015-08-12 04:00:00.000	270.22325	1
2015-08-13 04:00:00.000	264.14299	0
2015-08-14 04:00:00.000	262.01758	0
2015-08-15 04:00:00.000	265.3955	1
2015-08-16 04:00:00.000	261.20058	0
2015-08-17 04:00:00.000	258.0065	0
2015-08-18 04:00:00.000	256.44841	0
2015-08-19 04:00:00.000	230.38423999999998	0
2015-08-20 04:00:00.000	232.06482999999997	1
2015-08-21 04:00:00.000	234.56375	1
2015-08-22 04:00:00.000	233.03691	0
2015-08-23 04:00:00.000	231.21275	0
2015-08-24 04:00:00.000	227.23233	0
2015-08-25 04:00:00.000	203.18133	0
2015-08-26 04:00:00.000	219.81582999999998	1
2015-08-27 04:00:00.000	224.53607999999997	1
2015-08-28 04:00:00.000	224.18875	0
2015-08-29 04:00:00.000	230.93575	1
2015-08-30 04:00:00.000	230.58541	0
2015-08-31 04:00:00.000	227.18083	0
2015-09-01 04:00:00.000	229.02966	1
2015-09-02 04:00:00.000	226.28841	0
2015-09-03 04:00:00.000	228.35298999999998	1
2015-09-04 04:00:00.000	227.14741	0
2015-09-05 04:00:00.000	229.66691	1
2015-09-06 04:00:00.000	240.70116000000002	1
2015-09-07 04:00:00.000	239.88	0
2015-09-08 04:00:00.000	242.01891	1
2015-09-09 04:00:00.000	244.31382999999997	1
2015-09-10 04:00:00.000	237.99466	0
2015-09-11 04:00:00.000	240.56366	1
2015-09-12 04:00:00.000	239.81675	0
2015-09-13 04:00:00.000	235.053	0
2015-09-14 04:00:00.000	229.15807999999998	0
2015-09-15 04:00:00.000	230.51091	1
2015-09-16 04:00:00.000	230.98066	1
2015-09-17 04:00:00.000	229.58975	0
2015-09-18 04:00:00.000	233.2385	1
2015-09-19 04:00:00.000	232.50007999999997	0
2015-09-20 04:00:00.000	231.33732999999998	0
2015-09-21 04:00:00.000	230.75432999999998	0
2015-09-22 04:00:00.000	227.79358	0
2015-09-23 04:00:00.000	231.30982999999998	1
2015-09-24 04:00:00.000	231.09507999999997	0
2015-09-25 04:00:00.000	233.74475	1
2015-09-26 04:00:00.000	234.92466000000002	1
2015-09-27 04:00:00.000	234.32907999999998	0
2015-09-28 04:00:00.000	237.21116	1
2015-09-29 04:00:00.000	238.56625	1
2015-09-30 04:00:00.000	238.06125	0
2015-10-01 04:00:00.000	237.15191000000002	0
2015-10-02 04:00:00.000	238.06357999999997	1
2015-10-03 04:00:00.000	237.63516	0
2015-10-04 04:00:00.000	238.99882999999997	1
2015-10-05 04:00:00.000	238.82432999999997	0
2015-10-06 04:00:00.000	240.63075	1
2015-10-07 04:00:00.000	246.49632999999997	1
2015-10-08 04:00:00.000	244.49816	0
2015-10-09 04:00:00.000	243.25675	0
2015-10-10 04:00:00.000	244.96533	1
2015-10-11 04:00:00.000	245.07	1
2015-10-12 04:00:00.000	247.65041000000002	1
2015-10-13 04:00:00.000	244.57641	0
2015-10-14 04:00:00.000	249.45907999999997	1
2015-10-15 04:00:00.000	254.64216000000002	1
2015-10-16 04:00:00.000	255.72741000000002	1
2015-10-17 04:00:00.000	267.53983	1
2015-10-18 04:00:00.000	270.04041	1
2015-10-19 04:00:00.000	264.98625	0
2015-10-20 04:00:00.000	264.92575	0
2015-10-21 04:00:00.000	270.49541	1
2015-10-22 04:00:00.000	267.46907999999996	0
2015-10-23 04:00:00.000	274.25325	1
2015-10-24 04:00:00.000	279.97907999999995	1
2015-10-25 04:00:00.000	286.86941	1
2015-10-26 04:00:00.000	284.286	0
2015-10-27 04:00:00.000	287.83091	1
2015-10-28 04:00:00.000	300.53566	1
2015-10-29 04:00:00.000	304.32691	1
2015-10-30 04:00:00.000	326.55691	1
2015-10-31 04:00:00.000	327.58425	1
2015-11-01 04:00:00.000	311.70274	0
2015-11-02 05:00:00.000	325.64666	1
2015-11-03 05:00:00.000	369.51133	1
2015-11-04 05:00:00.000	432.46133	1
2015-11-05 05:00:00.000	434.31683	1
2015-11-06 05:00:00.000	359.586	0
2015-11-07 05:00:00.000	377.64099	1
2015-11-08 05:00:00.000	387.775	1
2015-11-09 05:00:00.000	370.652	0
2015-11-10 05:00:00.000	376.94800000000004	1
2015-11-11 05:00:00.000	311.702	0
2015-11-12 05:00:00.000	320.036	1
2015-11-13 05:00:00.000	337.89300000000003	1
2015-11-14 05:00:00.000	334.125	0
2015-11-15 05:00:00.000	333.95099999999996	0
2015-11-16 05:00:00.000	320.06	0
2015-11-17 05:00:00.000	337.759	1
2015-11-18 05:00:00.000	333.33299	0
2015-11-19 05:00:00.000	334.02499	1
2015-11-20 05:00:00.000	315.63099	0
2015-11-21 05:00:00.000	321.482	1
2015-11-22 05:00:00.000	326.365	1
2015-11-23 05:00:00.000	322.606	0
2015-11-24 05:00:00.000	320.993	0
2015-11-25 05:00:00.000	318.337	0
2015-11-26 05:00:00.000	332.471	1
2015-11-27 05:00:00.000	349.13800000000003	1
2015-11-28 05:00:00.000	354.954	1
2015-11-29 05:00:00.000	356.806	1
2015-11-30 05:00:00.000	375.204	1
2015-12-01 05:00:00.000	377.798	1
2015-12-02 05:00:00.000	352.12800000000004	0
2015-12-03 05:00:00.000	366.788	1
2015-12-04 05:00:00.000	358.44300000000004	0
2015-12-05 05:00:00.000	369.95599999999996	1
2015-12-06 05:00:00.000	394.861	1
2015-12-07 05:00:00.000	391.61800000000005	0
2015-12-08 05:00:00.000	395.59299	1
2015-12-09 05:00:00.000	421.42400000000004	1
2015-12-10 05:00:00.000	415.07599999999996	0
2015-12-11 05:00:00.000	421.81300000000005	1
2015-12-12 05:00:00.000	467.83099999999996	1
2015-12-13 05:00:00.000	435.091	0
2015-12-14 05:00:00.000	437.02099999999996	1
2015-12-15 05:00:00.000	453.676	1
2015-12-16 05:00:00.000	445.805	0
2015-12-17 05:00:00.000	451.102	1
2015-12-18 05:00:00.000	456.425	1
2015-12-19 05:00:00.000	464.218	1
2015-12-20 05:00:00.000	460.23800000000006	0
2015-12-21 05:00:00.000	435.64099000000004	0
2015-12-22 05:00:00.000	438.276	1
2015-12-23 05:00:00.000	437.994	0
2015-12-24 05:00:00.000	456.57199999999995	1
2015-12-25 05:00:00.000	455.74300000000005	0
2015-12-26 05:00:00.000	447.606	0
2015-12-27 05:00:00.000	419.338	0
2015-12-28 05:00:00.000	427.81699999999995	1
2015-12-29 05:00:00.000	422.741	0
2015-12-30 05:00:00.000	431.029	1
2015-12-31 05:00:00.000	424.962	0
2016-01-01 05:00:00.000	432.358	1
2016-01-02 05:00:00.000	433.773	1
2016-01-03 05:00:00.000	431.985	0
2016-01-04 05:00:00.000	431.691	0
2016-01-05 05:00:00.000	433.73199999999997	1
2016-01-06 05:00:00.000	427.164	0
2016-01-07 05:00:00.000	441.02099999999996	1
2016-01-08 05:00:00.000	457.168	1
2016-01-09 05:00:00.000	452.36800000000005	0
2016-01-10 05:00:00.000	445.327	0
2016-01-11 05:00:00.000	450.31199999999995	1
2016-01-12 05:00:00.000	446.61400000000003	0
2016-01-13 05:00:00.000	431.156	0
2016-01-14 05:00:00.000	431.41	1
2016-01-15 05:00:00.000	416.29	0
2016-01-16 05:00:00.000	372.73699999999997	0
2016-01-17 05:00:00.000	383.13800000000003	1
2016-01-18 05:00:00.000	380.81699999999995	0
2016-01-19 05:00:00.000	382.73800000000006	1
2016-01-20 05:00:00.000	378.775	0
2016-01-21 05:00:00.000	417.439	1
2016-01-22 05:00:00.000	403.27099999999996	0
2016-01-23 05:00:00.000	388.219	0
2016-01-24 05:00:00.000	388.538	1
2016-01-25 05:00:00.000	397.885	1
2016-01-26 05:00:00.000	390.715	0
2016-01-27 05:00:00.000	392.389	1
2016-01-28 05:00:00.000	381.356	0
2016-01-29 05:00:00.000	369.13300000000004	0
2016-01-30 05:00:00.000	376.952	1
2016-01-31 05:00:00.000	378.17400000000004	1
2016-02-01 05:00:00.000	372.157	0
2016-02-02 05:00:00.000	372.45300000000003	1
2016-02-03 05:00:00.000	372.76199999999994	1
2016-02-04 05:00:00.000	370.43300000000005	0
2016-02-05 05:00:00.000	386.954	1
2016-02-06 05:00:00.000	377.889	0
2016-02-07 05:00:00.000	376.44	0
2016-02-08 05:00:00.000	376.92400000000004	1
2016-02-09 05:00:00.000	372.434	0
2016-02-10 05:00:00.000	374.764	1
2016-02-11 05:00:00.000	379.186	1
2016-02-12 05:00:00.000	378.57599999999996	0
2016-02-13 05:00:00.000	388.87	1
2016-02-14 05:00:00.000	397.23	1
2016-02-15 05:00:00.000	405.621	1
2016-02-16 05:00:00.000	401.663	0
2016-02-17 05:00:00.000	407.017	1
2016-02-18 05:00:00.000	417.49199999999996	1
2016-02-19 05:00:00.000	421.95599999999996	1
2016-02-20 05:00:00.000	422.05400000000003	1
2016-02-21 05:00:00.000	439.61	1
2016-02-22 05:00:00.000	436.14	0
2016-02-23 05:00:00.000	438.745	1
2016-02-24 05:00:00.000	419.89599999999996	0
2016-02-25 05:00:00.000	422.61699999999996	1
2016-02-26 05:00:00.000	421.244	0
2016-02-27 05:00:00.000	433.401	1
2016-02-28 05:00:00.000	425.50199999999995	0
2016-02-29 05:00:00.000	438.28	1
2016-03-01 05:00:00.000	436.426	0
2016-03-02 05:00:00.000	434.001	0
2016-03-03 05:00:00.000	419.254	0
2016-03-04 05:00:00.000	421.597	1
2016-03-05 05:00:00.000	407.722	0
2016-03-06 05:00:00.000	397.88300000000004	0
2016-03-07 05:00:00.000	407.276	1
2016-03-08 05:00:00.000	414.213	1
2016-03-09 05:00:00.000	410.73900000000003	0
2016-03-10 05:00:00.000	411.67199999999997	1
2016-03-11 05:00:00.000	416.708	1
2016-03-12 05:00:00.000	415.04	0
2016-03-13 05:00:00.000	411.63699999999994	0
2016-03-14 04:00:00.000	414.208	1
2016-03-15 04:00:00.000	416.034	1
2016-03-16 04:00:00.000	414.167	0
2016-03-17 04:00:00.000	417.13800000000003	1
2016-03-18 04:00:00.000	417.154	1
2016-03-19 04:00:00.000	407.473	0
2016-03-20 04:00:00.000	409.24	1
2016-03-21 04:00:00.000	407.496	0
2016-03-22 04:00:00.000	415.125	1
2016-03-23 04:00:00.000	417.31800000000004	1
2016-03-24 04:00:00.000	415.837	0
2016-03-25 04:00:00.000	414.75699	0
2016-03-26 04:00:00.000	416.851	1
2016-03-27 04:00:00.000	416.233	0
2016-03-28 04:00:00.000	424.29699999999997	1
2016-03-29 04:00:00.000	423.597	0
2016-03-30 04:00:00.000	414.61300000000006	0
2016-03-31 04:00:00.000	414.458	0
2016-04-01 04:00:00.000	416.01199999999994	1
2016-04-02 04:00:00.000	418.785	1
2016-04-03 04:00:00.000	418.93998999999997	1
2016-04-04 04:00:00.000	418.593	0
2016-04-05 04:00:00.000	422.04400000000004	1
2016-04-06 04:00:00.000	422.29499000000004	1
2016-04-07 04:00:00.000	420.55300000000005	0
2016-04-08 04:00:00.000	421.616	1
2016-04-09 04:00:00.000	415.751	0
2016-04-10 04:00:00.000	418.07800000000003	1
2016-04-11 04:00:00.000	421.19199999999995	1
2016-04-12 04:00:00.000	426.38300000000004	1
2016-04-13 04:00:00.000	426.84399	1
2016-04-14 04:00:00.000	425.494	0
2016-04-15 04:00:00.000	426.279	1
2016-04-16 04:00:00.000	429.775	1
2016-04-17 04:00:00.000	430.45300000000003	1
2016-04-18 04:00:00.000	429.31800000000004	0
2016-04-19 04:00:00.000	428.522	0
2016-04-20 04:00:00.000	435.926	1
2016-04-21 04:00:00.000	443.75800000000004	1
2016-04-22 04:00:00.000	446.776	1
2016-04-23 04:00:00.000	447.233	1
2016-04-24 04:00:00.000	455.152	1
2016-04-25 04:00:00.000	458.626	1
2016-04-26 04:00:00.000	464.42900000000003	1
2016-04-27 04:00:00.000	466.064	1
2016-04-28 04:00:00.000	441.30400000000003	0
2016-04-29 04:00:00.000	446.236	1
2016-04-30 04:00:00.000	454.375	1
2016-05-01 04:00:00.000	449.108	0
2016-05-02 04:00:00.000	453.06699999999995	1
2016-05-03 04:00:00.000	443.681	0
2016-05-04 04:00:00.000	449.157	1
2016-05-05 04:00:00.000	447.73999000000003	0
2016-05-06 04:00:00.000	447.58599000000004	0
2016-05-07 04:00:00.000	458.86400000000003	1
2016-05-08 04:00:00.000	459.93699999999995	1
2016-05-09 04:00:00.000	458.708	0
2016-05-10 04:00:00.000	460.954	1
2016-05-11 04:00:00.000	454.39399000000003	0
2016-05-12 04:00:00.000	451.155	0
2016-05-13 04:00:00.000	453.70099999999996	1
2016-05-14 04:00:00.000	456.039	1
2016-05-15 04:00:00.000	456.093	1
2016-05-16 04:00:00.000	457.64099000000004	1
2016-05-17 04:00:00.000	454.278	0
2016-05-18 04:00:00.000	454.064	0
2016-05-19 04:00:00.000	453.494	0
2016-05-20 04:00:00.000	440.231	0
2016-05-21 04:00:00.000	442.95300000000003	1
2016-05-22 04:00:00.000	442.892	0
2016-05-23 04:00:00.000	440.551	0
2016-05-24 04:00:00.000	444.48900000000003	1
2016-05-25 04:00:00.000	447.035	1
2016-05-26 04:00:00.000	448.278	1
2016-05-27 04:00:00.000	467.26199999999994	1
2016-05-28 04:00:00.000	489.847	1
2016-05-29 04:00:00.000	516.0509999999999	1
2016-05-30 04:00:00.000	529.9169999999999	1
2016-05-31 04:00:00.000	537.2329900000001	1
2016-06-01 04:00:00.000	528.0499900000001	0
2016-06-02 04:00:00.000	538.568	1
2016-06-03 04:00:00.000	537.185	0
2016-06-04 04:00:00.000	571.139	1
2016-06-05 04:00:00.000	579.3430000000001	1
2016-06-06 04:00:00.000	578.8489900000001	0
2016-06-07 04:00:00.000	585.399	1
2016-06-08 04:00:00.000	576.226	0
2016-06-09 04:00:00.000	580.4359900000001	1
2016-06-10 04:00:00.000	574.953	0
2016-06-11 04:00:00.000	583.87	1
2016-06-12 04:00:00.000	633.205	1
2016-06-13 04:00:00.000	682.2260000000001	1
2016-06-14 04:00:00.000	695.155	1
2016-06-15 04:00:00.000	685.442	0
2016-06-16 04:00:00.000	732.357	1
2016-06-17 04:00:00.000	773.25	1
2016-06-18 04:00:00.000	736.3860000000001	0
2016-06-19 04:00:00.000	747.831	1
2016-06-20 04:00:00.000	758.903	1
2016-06-21 04:00:00.000	702.696	0
2016-06-22 04:00:00.000	657.013	0
2016-06-23 04:00:00.000	581.249	0
2016-06-24 04:00:00.000	657.0899900000001	1
2016-06-25 04:00:00.000	687.168	1
2016-06-26 04:00:00.000	657.2239900000001	0
2016-06-27 04:00:00.000	644.091	0
2016-06-28 04:00:00.000	655.94399	1
2016-06-29 04:00:00.000	634.357	0
2016-06-30 04:00:00.000	635.0930000000001	1
2016-07-01 04:00:00.000	683.293	1
2016-07-02 04:00:00.000	678.567	0
2016-07-03 04:00:00.000	690.179	1
2016-07-04 04:00:00.000	670.7410000000001	0
2016-07-05 04:00:00.000	679.3510000000001	1
2016-07-06 04:00:00.000	676.872	0
2016-07-07 04:00:00.000	671.814	0
2016-07-08 04:00:00.000	640.476	0
2016-07-09 04:00:00.000	654.8529900000001	1
2016-07-10 04:00:00.000	649.356	0
2016-07-11 04:00:00.000	656.747	1
2016-07-12 04:00:00.000	648.136	0
2016-07-13 04:00:00.000	663.443	1
2016-07-14 04:00:00.000	654.018	0
2016-07-15 04:00:00.000	663.638	1
2016-07-16 04:00:00.000	666.5649900000001	1
2016-07-17 04:00:00.000	665.113	0
2016-07-18 04:00:00.000	681.2389999999999	1
2016-07-19 04:00:00.000	673.832	0
2016-07-20 04:00:00.000	673.008	0
2016-07-21 04:00:00.000	662.034	0
2016-07-22 04:00:00.000	666.747	1
2016-07-23 04:00:00.000	654.725	0
2016-07-24 04:00:00.000	654.895	1
2016-07-25 04:00:00.000	660.284	1
2016-07-26 04:00:00.000	655.418	0
2016-07-27 04:00:00.000	650.8289900000001	0
2016-07-28 04:00:00.000	656.9159900000001	1
2016-07-29 04:00:00.000	655.427	0
2016-07-30 04:00:00.000	656.681	1
2016-07-31 04:00:00.000	635.5880000000001	0
2016-08-01 04:00:00.000	621.3729900000001	0
2016-08-02 04:00:00.000	601.227	0
2016-08-03 04:00:00.000	555.9259999999999	0
2016-08-04 04:00:00.000	578.5237400000001	1
2016-08-05 04:00:00.000	570.33875	0
2016-08-06 04:00:00.000	574.87375	1
2016-08-07 04:00:00.000	588.51625	1
2016-08-08 04:00:00.000	589.66125	1
2016-08-09 04:00:00.000	586.715	0
2016-08-10 04:00:00.000	585.23875	0
2016-08-11 04:00:00.000	594.81625	1
2016-08-12 04:00:00.000	581.9625	0
2016-08-13 04:00:00.000	584.87375	1
2016-08-14 04:00:00.000	581.65	0
2016-08-15 04:00:00.000	571.9625	0
2016-08-16 04:00:00.000	567.60749	0
2016-08-17 04:00:00.000	575.54125	1
2016-08-18 04:00:00.000	572.3724900000001	0
2016-08-19 04:00:00.000	573.01625	1
2016-08-20 04:00:00.000	573.08	1
2016-08-21 04:00:00.000	581.35375	1
2016-08-22 04:00:00.000	579.6675	0
2016-08-23 04:00:00.000	585.5075	1
2016-08-24 04:00:00.000	577.9874900000001	0
2016-08-25 04:00:00.000	574.5825	0
2016-08-26 04:00:00.000	575.0625	1
2016-08-27 04:00:00.000	575.3425	1
2016-08-28 04:00:00.000	568.78875	0
2016-08-29 04:00:00.000	574.4974900000001	1
2016-08-30 04:00:00.000	571.94125	0
2016-08-31 04:00:00.000	573.78125	1
2016-09-01 04:00:00.000	572.96	0
2016-09-02 04:00:00.000	570.1	0
2016-09-03 04:00:00.000	572.52125	1
2016-09-04 04:00:00.000	596.45375	1
2016-09-05 04:00:00.000	606.0525	1
2016-09-06 04:00:00.000	604.465	0
2016-09-07 04:00:00.000	609.4325	1
2016-09-08 04:00:00.000	613.6749900000001	1
2016-09-09 04:00:00.000	623.6	1
2016-09-10 04:00:00.000	620.59875	0
2016-09-11 04:00:00.000	622.03375	1
2016-09-12 04:00:00.000	604.8275	0
2016-09-13 04:00:00.000	607.03625	1
2016-09-14 04:00:00.000	606.885	0
2016-09-15 04:00:00.000	606.8975	1
2016-09-16 04:00:00.000	605.52125	0
2016-09-17 04:00:00.000	606.04625	1
2016-09-18 04:00:00.000	605.08	0
2016-09-19 04:00:00.000	609.3724900000001	1
2016-09-20 04:00:00.000	606.7175	0
2016-09-21 04:00:00.000	595.93375	0
2016-09-22 04:00:00.000	596.225	1
2016-09-23 04:00:00.000	595.0175	0
2016-09-24 04:00:00.000	602.4075	1
2016-09-25 04:00:00.000	601.36875	0
2016-09-26 04:00:00.000	598.9075	0
2016-09-27 04:00:00.000	605.0175	1
2016-09-28 04:00:00.000	602.885	0
2016-09-29 04:00:00.000	603.5812400000001	1
2016-09-30 04:00:00.000	604.52125	1
2016-10-01 04:00:00.000	610.58375	1
2016-10-02 04:00:00.000	613.2374900000001	1
2016-10-03 04:00:00.000	611.88874	0
2016-10-04 04:00:00.000	609.495	0
2016-10-05 04:00:00.000	608.125	0
2016-10-06 04:00:00.000	610.57	1
2016-10-07 04:00:00.000	610.23375	0
2016-10-08 04:00:00.000	617.445	1
2016-10-09 04:00:00.000	614.59625	0
2016-10-10 04:00:00.000	615.91625	1
2016-10-11 04:00:00.000	618.3275	1
2016-10-12 04:00:00.000	637.2162400000001	1
2016-10-13 04:00:00.000	637.73625	1
2016-10-14 04:00:00.000	635.88375	0
2016-10-15 04:00:00.000	638.975	1
2016-10-16 04:00:00.000	638.605	0
2016-10-17 04:00:00.000	636.635	0
2016-10-18 04:00:00.000	637.01625	1
2016-10-19 04:00:00.000	634.605	0
2016-10-20 04:00:00.000	626.36875	0
2016-10-21 04:00:00.000	629.6124900000001	1
2016-10-22 04:00:00.000	630.61875	1
2016-10-23 04:00:00.000	650.895	1
2016-10-24 04:00:00.000	647.69375	0
2016-10-25 04:00:00.000	652.235	1
2016-10-26 04:00:00.000	657.05625	1
2016-10-27 04:00:00.000	684.3775	1
2016-10-28 04:00:00.000	684.2975	0
2016-10-29 04:00:00.000	700.135	1
2016-10-30 04:00:00.000	704.91	1
2016-10-31 04:00:00.000	693.89625	0
2016-11-01 04:00:00.000	708.955	1
2016-11-02 04:00:00.000	725.6925	1
2016-11-03 04:00:00.000	741.84875	1
2016-11-04 04:00:00.000	701.21875	0
2016-11-05 04:00:00.000	702.175	1
2016-11-06 04:00:00.000	705.47875	1
2016-11-07 05:00:00.000	705.47125	0
2016-11-08 05:00:00.000	706.13375	1
2016-11-09 05:00:00.000	728.36125	1
2016-11-10 05:00:00.000	719.2525	0
2016-11-11 05:00:00.000	714.57125	0
2016-11-12 05:00:00.000	715.7725	1
2016-11-13 05:00:00.000	694.72125	0
2016-11-14 05:00:00.000	704.62125	1
2016-11-15 05:00:00.000	711.39625	1
2016-11-16 05:00:00.000	710.9275	0
2016-11-17 05:00:00.000	745.92625	1
2016-11-18 05:00:00.000	738.665	0
2016-11-19 05:00:00.000	748.8075	1
2016-11-20 05:00:00.000	752.5525	1
2016-11-21 05:00:00.000	730.365	0
2016-11-22 05:00:00.000	734.84	1
2016-11-23 05:00:00.000	745.97875	1
2016-11-24 05:00:00.000	739.81875	0
2016-11-25 05:00:00.000	730.3125	0
2016-11-26 05:00:00.000	737.4025	1
2016-11-27 05:00:00.000	727.445	0
2016-11-28 05:00:00.000	731.9	1
2016-11-29 05:00:00.000	731.12625	0
2016-11-30 05:00:00.000	731.64	1
2016-12-01 05:00:00.000	744.1025	1
2016-12-02 05:00:00.000	766.5925	1
2016-12-03 05:00:00.000	769.915	1
2016-12-04 05:00:00.000	764.3575	0
2016-12-05 05:00:00.000	760.1	0
2016-12-06 05:00:00.000	754.82625	0
2016-12-07 05:00:00.000	758.35375	1
2016-12-08 05:00:00.000	763.23625	1
2016-12-09 05:00:00.000	766.8725	1
2016-12-10 05:00:00.000	773.2825	1
2016-12-11 05:00:00.000	765.9525	0
2016-12-12 05:00:00.000	769.8275	1
2016-12-13 05:00:00.000	774.38625	1
2016-12-14 05:00:00.000	778.35625	1
2016-12-15 05:00:00.000	776.9825	0
2016-12-16 05:00:00.000	776.415	0
2016-12-17 05:00:00.000	786.9725	1
2016-12-18 05:00:00.000	789.24625	1
2016-12-19 05:00:00.000	791.0	1
2016-12-20 05:00:00.000	789.2325	0
2016-12-21 05:00:00.000	805.79625	1
2016-12-22 05:00:00.000	842.63875	1
2016-12-23 05:00:00.000	910.9325	1
2016-12-24 05:00:00.000	910.2475	0
2016-12-25 05:00:00.000	870.13125	0
2016-12-26 05:00:00.000	905.45625	1
2016-12-27 05:00:00.000	900.36625	0
2016-12-28 05:00:00.000	948.89875	1
2016-12-29 05:00:00.000	971.645	1
2016-12-30 05:00:00.000	954.84375	0
2016-12-31 05:00:00.000	952.455	0
2017-01-01 05:00:00.000	964.325	1
2017-01-02 05:00:00.000	1009.97375	1
2017-01-03 05:00:00.000	1028.33375	1
2017-01-04 05:00:00.000	1047.09999	1
2017-01-05 05:00:00.000	1140.385	1
2017-01-06 05:00:00.000	985.93875	0
2017-01-07 05:00:00.000	837.83625	0
2017-01-08 05:00:00.000	923.52375	1
2017-01-09 05:00:00.000	889.33875	0
2017-01-10 05:00:00.000	905.22625	1
2017-01-11 05:00:00.000	910.60625	1
2017-01-12 05:00:00.000	772.66125	0
2017-01-13 05:00:00.000	784.89375	1
2017-01-14 05:00:00.000	820.68875	1
2017-01-15 05:00:00.000	821.19625	1
2017-01-16 05:00:00.000	830.74	1
2017-01-17 05:00:00.000	848.58125	1
2017-01-18 05:00:00.000	890.29375	1
2017-01-19 05:00:00.000	888.0625	0
2017-01-20 05:00:00.000	896.16375	1
2017-01-21 05:00:00.000	920.58875	1
2017-01-22 05:00:00.000	934.7775	1
2017-01-23 05:00:00.000	920.365	0
2017-01-24 05:00:00.000	912.2125	0
2017-01-25 05:00:00.000	898.55	0
2017-01-26 05:00:00.000	901.05	1
2017-01-27 05:00:00.000	912.84375	1
2017-01-28 05:00:00.000	919.795	1
2017-01-29 05:00:00.000	920.82875	1
2017-01-30 05:00:00.000	916.91125	0
2017-01-31 05:00:00.000	921.35125	1
2017-02-01 05:00:00.000	973.065	1
2017-02-02 05:00:00.000	982.8275	1
2017-02-03 05:00:00.000	1020.09	1
2017-02-04 05:00:00.000	1011.215	0
2017-02-05 05:00:00.000	1029.4012400000001	1
2017-02-06 05:00:00.000	1019.3125	0
2017-02-07 05:00:00.000	1029.40875	1
2017-02-08 05:00:00.000	1067.70875	1
2017-02-09 05:00:00.000	1072.205	1
2017-02-10 05:00:00.000	974.95875	0
2017-02-11 05:00:00.000	997.2275	1
2017-02-12 05:00:00.000	1004.71375	1
2017-02-13 05:00:00.000	1004.85375	1
2017-02-14 05:00:00.000	994.58	0
2017-02-15 05:00:00.000	1003.59	1
2017-02-16 05:00:00.000	1018.41125	1
2017-02-17 05:00:00.000	1038.86625	1
2017-02-18 05:00:00.000	1058.315	1
2017-02-19 05:00:00.000	1052.84375	0
2017-02-20 05:00:00.000	1046.66249	0
2017-02-21 05:00:00.000	1079.5825	1
2017-02-22 05:00:00.000	1112.86375	1
2017-02-23 05:00:00.000	1122.515	1
2017-02-24 05:00:00.000	1193.501	1
2017-02-25 05:00:00.000	1182.4289999999999	0
2017-02-26 05:00:00.000	1139.848	0
2017-02-27 05:00:00.000	1189.366	1
2017-02-28 05:00:00.000	1189.9469900000001	1
2017-03-01 05:00:00.000	1193.611	1
2017-03-02 05:00:00.000	1221.05	1
2017-03-03 05:00:00.000	1269.776	1
2017-03-04 05:00:00.000	1285.376	1
2017-03-05 05:00:00.000	1260.6680000000001	0
2017-03-06 05:00:00.000	1273.24699	1
2017-03-07 05:00:00.000	1280.30499	1
2017-03-08 05:00:00.000	1206.357	0
2017-03-09 05:00:00.000	1153.06	0
2017-03-10 05:00:00.000	1200.557	1
2017-03-11 05:00:00.000	1147.625	0
2017-03-12 05:00:00.000	1186.351	1
2017-03-13 04:00:00.000	1235.553	1
2017-03-14 04:00:00.000	1242.806	1
2017-03-15 04:00:00.000	1245.892	1
2017-03-16 04:00:00.000	1247.67099	1
2017-03-17 04:00:00.000	1126.0819900000001	0
2017-03-18 04:00:00.000	1062.07	0
2017-03-19 04:00:00.000	1000.24599	0
2017-03-20 04:00:00.000	1036.226	1
2017-03-21 04:00:00.000	1065.481	1
2017-03-22 04:00:00.000	1091.333	1
2017-03-23 04:00:00.000	1036.099	0
2017-03-24 04:00:00.000	1013.8439999999999	0
2017-03-25 04:00:00.000	921.808	0
2017-03-26 04:00:00.000	962.508	1
2017-03-27 04:00:00.000	968.293	1
2017-03-28 04:00:00.000	1035.3219900000001	1
2017-03-29 04:00:00.000	1011.9689999999999	0
2017-03-30 04:00:00.000	1041.374	1
2017-03-31 04:00:00.000	1048.86299	1
2017-04-01 04:00:00.000	1077.557	1
2017-04-02 04:00:00.000	1082.37	1
2017-04-03 04:00:00.000	1140.037	1
2017-04-04 04:00:00.000	1148.0919999999999	1
2017-04-05 04:00:00.000	1139.86	0
2017-04-06 04:00:00.000	1150.685	1
2017-04-07 04:00:00.000	1177.2839999999999	1
2017-04-08 04:00:00.000	1196.896	1
2017-04-09 04:00:00.000	1187.03299	0
2017-04-10 04:00:00.000	1213.8010000000002	1
2017-04-11 04:00:00.000	1206.74	0
2017-04-12 04:00:00.000	1226.896	1
2017-04-13 04:00:00.000	1216.269	0
2017-04-14 04:00:00.000	1187.136	0
2017-04-15 04:00:00.000	1186.10899	0
2017-04-16 04:00:00.000	1189.55	1
2017-04-17 04:00:00.000	1184.2	0
2017-04-18 04:00:00.000	1211.73799	1
2017-04-19 04:00:00.000	1218.6660000000002	1
2017-04-20 04:00:00.000	1227.981	1
2017-04-21 04:00:00.000	1261.702	1
2017-04-22 04:00:00.000	1255.25125	0
2017-04-23 04:00:00.000	1232.7575	0
2017-04-24 04:00:00.000	1243.43	1
2017-04-25 04:00:00.000	1251.5775	1
2017-04-26 04:00:00.000	1269.69625	1
2017-04-27 04:00:00.000	1289.7475	1
2017-04-28 04:00:00.000	1335.825	1
2017-04-29 04:00:00.000	1319.7	0
2017-04-30 04:00:00.000	1311.5887400000001	0
2017-05-01 04:00:00.000	1370.79	1
2017-05-02 04:00:00.000	1416.61	1
2017-05-03 04:00:00.000	1448.88625	1
2017-05-04 04:00:00.000	1506.7725	1
2017-05-05 04:00:00.000	1543.31	1
2017-05-06 04:00:00.000	1536.1525	0
2017-05-07 04:00:00.000	1554.6025	1
2017-05-08 04:00:00.000	1564.065	1
2017-05-09 04:00:00.000	1644.72875	1
2017-05-10 04:00:00.000	1695.83125	1
2017-05-11 04:00:00.000	1748.35375	1
2017-05-12 04:00:00.000	1774.52	1
2017-05-13 04:00:00.000	1634.6075	0
2017-05-14 04:00:00.000	1774.805	1
2017-05-15 04:00:00.000	1747.04375	0
2017-05-16 04:00:00.000	1665.0325	0
2017-05-17 04:00:00.000	1744.44125	1
2017-05-18 04:00:00.000	1796.89625	1
2017-05-19 04:00:00.000	1913.13875	1
2017-05-20 04:00:00.000	1983.97875	1
2017-05-21 04:00:00.000	2074.69625	1
2017-05-22 04:00:00.000	2114.98875	1
2017-05-23 04:00:00.000	2196.66874	1
2017-05-24 04:00:00.000	2348.55249	1
2017-05-25 04:00:00.000	2581.85375	1
2017-05-26 04:00:00.000	2460.95375	0
2017-05-27 04:00:00.000	2232.2875	0
2017-05-28 04:00:00.000	2234.83374	1
2017-05-29 04:00:00.000	2195.785	0
2017-05-30 04:00:00.000	2315.73625	1
2017-05-31 04:00:00.000	2170.98124	0
2017-06-01 04:00:00.000	2402.125	1
2017-06-02 04:00:00.000	2477.1725	1
2017-06-03 04:00:00.000	2475.2975	0
2017-06-04 04:00:00.000	2526.31125	1
2017-06-05 04:00:00.000	2605.125	1
2017-06-06 04:00:00.000	2855.03	1
2017-06-07 04:00:00.000	2900.8525	1
2017-06-08 04:00:00.000	2737.9025	0
2017-06-09 04:00:00.000	2826.03875	1
2017-06-10 04:00:00.000	2846.00625	1
2017-06-11 04:00:00.000	2910.33625	1
2017-06-12 04:00:00.000	3007.0125	1
2017-06-13 04:00:00.000	2697.0775	0
2017-06-14 04:00:00.000	2780.1825	1
2017-06-15 04:00:00.000	2518.54875	0
2017-06-16 04:00:00.000	2438.6174899999996	0
2017-06-17 04:00:00.000	2520.78375	1
2017-06-18 04:00:00.000	2680.1025	1
2017-06-19 04:00:00.000	2611.6799899999996	0
2017-06-20 04:00:00.000	2667.5475	1
2017-06-21 04:00:00.000	2805.0975	1
2017-06-22 04:00:00.000	2702.00375	0
2017-06-23 04:00:00.000	2763.29125	1
2017-06-24 04:00:00.000	2740.5925	0
2017-06-25 04:00:00.000	2598.15875	0
2017-06-26 04:00:00.000	2630.59499	1
2017-06-27 04:00:00.000	2513.4299899999996	0
2017-06-28 04:00:00.000	2556.1675	1
2017-06-29 04:00:00.000	2591.2675	1
2017-06-30 04:00:00.000	2547.3225	0
2017-07-01 04:00:00.000	2479.0549899999996	0
2017-07-02 04:00:00.000	2424.69875	0
2017-07-03 04:00:00.000	2513.74125	1
2017-07-04 04:00:00.000	2640.06125	1
2017-07-05 04:00:00.000	2588.67875	0
2017-07-06 04:00:00.000	2634.17375	1
2017-07-07 04:00:00.000	2598.57	0
2017-07-08 04:00:00.000	2514.3625	0
2017-07-09 04:00:00.000	2586.0425	1
2017-07-10 04:00:00.000	2524.12624	0
2017-07-11 04:00:00.000	2352.265	0
2017-07-12 04:00:00.000	2292.91375	0
2017-07-13 04:00:00.000	2437.55375	1
2017-07-14 04:00:00.000	2337.67875	0
2017-07-15 04:00:00.000	2109.37375	0
2017-07-16 04:00:00.000	2045.5725	0
2017-07-17 04:00:00.000	1986.9425	0
2017-07-18 04:00:00.000	2189.23999	1
2017-07-19 04:00:00.000	2354.8925	1
2017-07-20 04:00:00.000	2349.355	0
2017-07-21 04:00:00.000	2740.56875	1
2017-07-22 04:00:00.000	2738.775	0
2017-07-23 04:00:00.000	2831.67875	1
2017-07-24 04:00:00.000	2772.3675	0
2017-07-25 04:00:00.000	2768.8025	0
2017-07-26 04:00:00.000	2540.20874	0
2017-07-27 04:00:00.000	2570.195	1
2017-07-28 04:00:00.000	2699.72125	1
2017-07-29 04:00:00.000	2719.69	1
2017-07-30 04:00:00.000	2714.70375	0
2017-07-31 04:00:00.000	2718.6175	1
2017-08-01 04:00:00.000	2867.65375	1
2017-08-02 04:00:00.000	2739.70875	0
2017-08-03 04:00:00.000	2740.07125	1
2017-08-04 04:00:00.000	2811.71	1
2017-08-05 04:00:00.000	3123.41125	1
2017-08-06 04:00:00.000	3254.71	1
2017-08-07 04:00:00.000	3274.6375	1
2017-08-08 04:00:00.000	3474.7625	1
2017-08-09 04:00:00.000	3416.185	0
2017-08-10 04:00:00.000	3364.41125	0
2017-08-11 04:00:00.000	3451.8525	1
2017-08-12 04:00:00.000	3705.43	1
2017-08-13 04:00:00.000	4104.015	1
2017-08-14 04:00:00.000	4036.7575	0
2017-08-15 04:00:00.000	4462.67625	1
2017-08-16 04:00:00.000	4118.9025	0
2017-08-17 04:00:00.000	4322.42125	1
2017-08-18 04:00:00.000	4311.685	0
2017-08-19 04:00:00.000	4180.23875	0
2017-08-20 04:00:00.000	4139.38125	0
2017-08-21 04:00:00.000	4110.94125	0
2017-08-22 04:00:00.000	3911.27625	0
2017-08-23 04:00:00.000	4162.79249	1
2017-08-24 04:00:00.000	4178.75625	1
2017-08-25 04:00:00.000	4396.03125	1
2017-08-26 04:00:00.000	4359.9025	0
2017-08-27 04:00:00.000	4381.39625	1
2017-08-28 04:00:00.000	4340.46	0
2017-08-29 04:00:00.000	4442.6575	1
2017-08-30 04:00:00.000	4664.64375	1
2017-08-31 04:00:00.000	4676.1425	1
2017-09-01 04:00:00.000	4783.17	1
2017-09-02 04:00:00.000	4864.285	1
2017-09-03 04:00:00.000	4672.56875	0
2017-09-04 04:00:00.000	4593.1825	0
2017-09-05 04:00:00.000	4160.535	0
2017-09-06 04:00:00.000	4517.57	1
2017-09-07 04:00:00.000	4543.1025	1
2017-09-08 04:00:00.000	4628.6025	1
2017-09-09 04:00:00.000	4280.975	0
2017-09-10 04:00:00.000	4194.21875	0
2017-09-11 04:00:00.000	4307.82625	1
2017-09-12 04:00:00.000	4295.76124	0
2017-09-13 04:00:00.000	3944.58375	0
2017-09-14 04:00:00.000	3817.0575	0
2017-09-15 04:00:00.000	3358.10875	0
2017-09-16 04:00:00.000	3772.68375	1
2017-09-17 04:00:00.000	3608.595	0
2017-09-18 04:00:00.000	3764.6175	1
2017-09-19 04:00:00.000	3976.3875	1
2017-09-20 04:00:00.000	3863.18625	0
2017-09-21 04:00:00.000	3827.685	0
2017-09-22 04:00:00.000	3690.99125	0
2017-09-23 04:00:00.000	3612.1625	0
2017-09-24 04:00:00.000	3772.8475	1
2017-09-25 04:00:00.000	3753.435	0
2017-09-26 04:00:00.000	3920.99125	1
2017-09-27 04:00:00.000	3939.515	1
2017-09-28 04:00:00.000	4220.28	1
2017-09-29 04:00:00.000	4062.20375	0
2017-09-30 04:00:00.000	4207.825	1
2017-10-01 04:00:00.000	4300.55125	1
2017-10-02 04:00:00.000	4414.1775	1
2017-10-03 04:00:00.000	4424.4725	1
2017-10-04 04:00:00.000	4307.555	0
2017-10-05 04:00:00.000	4186.78374	0
2017-10-06 04:00:00.000	4325.23625	1
2017-10-07 04:00:00.000	4370.16875	1
2017-10-08 04:00:00.000	4446.17249	1
2017-10-09 04:00:00.000	4624.34875	1
2017-10-10 04:00:00.000	4789.30125	1
2017-10-11 04:00:00.000	4741.70875	0
2017-10-12 04:00:00.000	4858.60499	1
2017-10-13 04:00:00.000	5728.5475	1
2017-10-14 04:00:00.000	5666.97875	0
2017-10-15 04:00:00.000	5779.07375	1
2017-10-16 04:00:00.000	5607.01	0
2017-10-17 04:00:00.000	5643.55375	1
2017-10-18 04:00:00.000	5495.03875	0
2017-10-19 04:00:00.000	5627.08625	1
2017-10-20 04:00:00.000	5686.52625	1
2017-10-21 04:00:00.000	6098.115	1
2017-10-22 04:00:00.000	5949.07875	0
2017-10-23 04:00:00.000	5969.795	1
2017-10-24 04:00:00.000	5649.005	0
2017-10-25 04:00:00.000	5550.85875	0
2017-10-26 04:00:00.000	5776.87875	1
2017-10-27 04:00:00.000	5923.70625	1
2017-10-28 04:00:00.000	5737.1025	0
2017-10-29 04:00:00.000	5741.7225	1
2017-10-30 04:00:00.000	6151.325	1
2017-10-31 04:00:00.000	6130.56375	0
2017-11-01 04:00:00.000	6424.515	1
2017-11-02 04:00:00.000	6879.365	1
2017-11-03 04:00:00.000	7199.2375	1
2017-11-04 04:00:00.000	7210.46875	1
2017-11-05 04:00:00.000	7376.7425	1
2017-11-06 05:00:00.000	7231.93	0
2017-11-07 05:00:00.000	7123.89375	0
2017-11-08 05:00:00.000	7356.50625	1
2017-11-09 05:00:00.000	7342.82375	0
2017-11-10 05:00:00.000	7250.77	0
2017-11-11 05:00:00.000	6773.695	0
2017-11-12 05:00:00.000	6075.30125	0
2017-11-13 05:00:00.000	5969.13	0
2017-11-14 05:00:00.000	6666.27125	1
2017-11-15 05:00:00.000	6867.42625	1
2017-11-16 05:00:00.000	7259.3	1
2017-11-17 05:00:00.000	7924.1825	1
2017-11-18 05:00:00.000	7598.2775	0
2017-11-19 05:00:00.000	7787.45625	1
2017-11-20 05:00:00.000	7954.7675	1
2017-11-21 05:00:00.000	7879.06	0
2017-11-22 05:00:00.000	8150.6325	1
2017-11-23 05:00:00.000	8208.75375	1
2017-11-24 05:00:00.000	8094.445	0
2017-11-25 05:00:00.000	8190.87125	1
2017-11-26 05:00:00.000	8851.305	1
2017-11-27 05:00:00.000	9573.9675	1
2017-11-28 05:00:00.000	9713.09625	1
2017-11-29 05:00:00.000	10295.6225	1
2017-11-30 05:00:00.000	10542.6625	1
2017-12-01 05:00:00.000	9706.10375	0
2017-12-02 05:00:00.000	10923.20125	1
2017-12-03 05:00:00.000	10973.54375	1
2017-12-04 05:00:00.000	11382.20875	1
2017-12-05 05:00:00.000	11597.23125	1
2017-12-06 05:00:00.000	12230.365	1
2017-12-07 05:00:00.000	13734.52	1
2017-12-08 05:00:00.000	16403.42125	1
2017-12-09 05:00:00.000	15732.1	0
2017-12-10 05:00:00.000	13152.52875	0
2017-12-11 05:00:00.000	16299.2975	1
2017-12-12 05:00:00.000	16374.8975	1
2017-12-13 05:00:00.000	16678.28749	1
2017-12-14 05:00:00.000	16246.13875	0
2017-12-15 05:00:00.000	17221.65125	1
2017-12-16 05:00:00.000	17436.5975	1
2017-12-17 05:00:00.000	19166.978740000002	1
2017-12-18 05:00:00.000	18640.2625	0
2017-12-19 05:00:00.000	18984.7675	1
2017-12-20 05:00:00.000	16862.57125	0
2017-12-21 05:00:00.000	16925.0175	1
2017-12-22 05:00:00.000	14182.46499	0
2017-12-23 05:00:00.000	14694.5825	1
2017-12-24 05:00:00.000	14103.21875	0
2017-12-25 05:00:00.000	13387.34875	0
2017-12-26 05:00:00.000	14652.3675	1
2017-12-27 05:00:00.000	15846.07375	1
2017-12-28 05:00:00.000	14362.40375	0
2017-12-29 05:00:00.000	14867.5725	1
2017-12-30 05:00:00.000	13643.695	0
2017-12-31 05:00:00.000	13062.145	0
2018-01-01 05:00:00.000	13439.4175	1
2018-01-02 05:00:00.000	13337.62125	0
2018-01-03 05:00:00.000	14881.545	1
2018-01-04 05:00:00.000	15104.45	1
2018-01-05 05:00:00.000	14953.8525	0
2018-01-06 05:00:00.000	16576.69625	1
2018-01-07 05:00:00.000	16735.10625	1
2018-01-08 05:00:00.000	15632.41125	0
2018-01-09 05:00:00.000	15242.93625	0
2018-01-10 05:00:00.000	14122.825	0
2018-01-11 05:00:00.000	13269.5975	0
2018-01-12 05:00:00.000	13633.36375	1
2018-01-13 05:00:00.000	14165.90625	1
2018-01-14 05:00:00.000	14217.3625	1
2018-01-15 05:00:00.000	13519.92625	0
2018-01-16 05:00:00.000	12915.11625	0
2018-01-17 05:00:00.000	10870.16875	0
2018-01-18 05:00:00.000	11340.65	1
2018-01-19 05:00:00.000	11137.36875	0
2018-01-20 05:00:00.000	11742.94125	1
2018-01-21 05:00:00.000	12486.06625	1
2018-01-22 05:00:00.000	11508.62	0
2018-01-23 05:00:00.000	10872.9025	0
2018-01-24 05:00:00.000	10830.9275	0
2018-01-25 05:00:00.000	11629.375	1
2018-01-26 05:00:00.000	11524.345	0
2018-01-27 05:00:00.000	11005.615	0
2018-01-28 05:00:00.000	11452.23	1
2018-01-29 05:00:00.000	11412.79375	0
2018-01-30 05:00:00.000	10917.15125	0
2018-01-31 05:00:00.000	9914.4725	0
2018-02-01 05:00:00.000	9970.30875	1
2018-02-02 05:00:00.000	8715.594990000001	0
2018-02-03 05:00:00.000	8285.501240000001	0
2018-02-04 05:00:00.000	9192.045	1
2018-02-05 05:00:00.000	8136.39	0
2018-02-06 05:00:00.000	6332.37	0
2018-02-07 05:00:00.000	7270.5075	1
2018-02-08 05:00:00.000	7987.28125	1
2018-02-09 05:00:00.000	8086.7725	1
2018-02-10 05:00:00.000	8930.13875	1
2018-02-11 05:00:00.000	8045.44	0
2018-02-12 05:00:00.000	8478.924990000001	1
2018-02-13 05:00:00.000	8766.8525	1
2018-02-14 05:00:00.000	8693.2525	0
2018-02-15 05:00:00.000	9659.2875	1
2018-02-16 05:00:00.000	10110.83875	1
2018-02-17 05:00:00.000	10474.77125	1
2018-02-18 05:00:00.000	10855.9375	1
2018-02-19 05:00:00.000	10537.00625	0
2018-02-20 05:00:00.000	11416.03875	1
2018-02-21 05:00:00.000	10928.02	0
2018-02-22 05:00:00.000	10727.9525	0
2018-02-23 05:00:00.000	9809.72125	0
2018-02-24 05:00:00.000	10412.36875	1
2018-02-25 05:00:00.000	9585.285	0
2018-02-26 05:00:00.000	9627.71625	1
2018-02-27 05:00:00.000	10272.9025	1
2018-02-28 05:00:00.000	10903.01875	1
2018-03-01 05:00:00.000	10352.04625	0
2018-03-02 05:00:00.000	11100.2925	1
2018-03-03 05:00:00.000	11305.1225	1
2018-03-04 05:00:00.000	11171.8175	0
2018-03-05 05:00:00.000	11558.475	1
2018-03-06 05:00:00.000	11246.7475	0
2018-03-07 05:00:00.000	10735.88625	0
2018-03-08 05:00:00.000	9552.75875	0
2018-03-09 05:00:00.000	8980.192490000001	0
2018-03-10 05:00:00.000	9251.2925	1
2018-03-11 05:00:00.000	8680.6075	0
2018-03-12 04:00:00.000	9433.473740000001	1
2018-03-13 04:00:00.000	9047.5125	0
2018-03-14 04:00:00.000	9260.70875	1
2018-03-15 04:00:00.000	7895.98875	0
2018-03-16 04:00:00.000	8039.6025	1
2018-03-17 04:00:00.000	8206.555	1
2018-03-18 04:00:00.000	7667.99	0
2018-03-19 04:00:00.000	8189.49125	1
2018-03-20 04:00:00.000	8597.3375	1
2018-03-21 04:00:00.000	9028.2975	1
2018-03-22 04:00:00.000	9023.7175	0
2018-03-23 04:00:00.000	8411.6525	0
2018-03-24 04:00:00.000	8881.98625	1
2018-03-25 04:00:00.000	8548.8125	0
2018-03-26 04:00:00.000	8429.331240000001	0
2018-03-27 04:00:00.000	7854.6375	0
2018-03-28 04:00:00.000	7863.255	1
2018-03-29 04:00:00.000	7866.36	1
2018-03-30 04:00:00.000	6861.325	0
2018-03-31 04:00:00.000	6970.36375	1
2018-04-01 04:00:00.000	6926.875	0
2018-04-02 04:00:00.000	6986.835	1
2018-04-03 04:00:00.000	7182.12	1
2018-04-04 04:00:00.000	7295.89	1
2018-04-05 04:00:00.000	6769.48375	0
2018-04-06 04:00:00.000	6766.5925	0
2018-04-07 04:00:00.000	6854.92125	1
2018-04-08 04:00:00.000	6964.4325	1
2018-04-09 04:00:00.000	7125.53875	1
2018-04-10 04:00:00.000	6789.2675	0
2018-04-11 04:00:00.000	6824.49375	1
2018-04-12 04:00:00.000	6941.63875	1
2018-04-13 04:00:00.000	7823.55875	1
2018-04-14 04:00:00.000	8040.88125	1
2018-04-15 04:00:00.000	8083.57375	1
2018-04-16 04:00:00.000	8160.4125	1
2018-04-17 04:00:00.000	8030.57	0
2018-04-18 04:00:00.000	7937.61	0
2018-04-19 04:00:00.000	8188.71875	1
2018-04-20 04:00:00.000	8333.813740000001	1
2018-04-21 04:00:00.000	8866.67	1
2018-04-22 04:00:00.000	8830.05875	0
2018-04-23 04:00:00.000	8868.161240000001	1
2018-04-24 04:00:00.000	9191.82	1
2018-04-25 04:00:00.000	9373.3025	1
2018-04-26 04:00:00.000	8807.515	0
2018-04-27 04:00:00.000	9153.64125	1
2018-04-28 04:00:00.000	9144.38375	0
2018-04-29 04:00:00.000	9444.1425	1
2018-04-30 04:00:00.000	9268.7175	0
2018-05-01 04:00:00.000	8949.876240000001	0
2018-05-02 04:00:00.000	9029.47875	1
2018-05-03 04:00:00.000	9228.8525	1
2018-05-04 04:00:00.000	9572.69875	1
2018-05-05 04:00:00.000	9817.5975	1
2018-05-06 04:00:00.000	9845.54375	1
2018-05-07 04:00:00.000	9326.76125	0
2018-05-08 04:00:00.000	9424.991240000001	1
2018-05-09 04:00:00.000	9039.02875	0
2018-05-10 04:00:00.000	9327.049990000001	1
2018-05-11 04:00:00.000	8920.25625	0
2018-05-12 04:00:00.000	8408.35875	0
2018-05-13 04:00:00.000	8442.23875	1
2018-05-14 04:00:00.000	8398.862490000001	0
2018-05-15 04:00:00.000	8711.38875	1
2018-05-16 04:00:00.000	8159.25625	0
2018-05-17 04:00:00.000	8360.22875	1
2018-05-18 04:00:00.000	7996.82125	0
2018-05-19 04:00:00.000	8237.3425	1
2018-05-20 04:00:00.000	8250.395	1
2018-05-21 04:00:00.000	8493.13125	1
2018-05-22 04:00:00.000	8324.025	0
2018-05-23 04:00:00.000	7951.51375	0
2018-05-24 04:00:00.000	7614.96375	0
2018-05-25 04:00:00.000	7599.9525	0
2018-05-26 04:00:00.000	7436.835	0
2018-05-27 04:00:00.000	7296.79625	0
2018-05-28 04:00:00.000	7383.2175	1
2018-05-29 04:00:00.000	7118.42375	0
2018-05-30 04:00:00.000	7491.61125	1
2018-05-31 04:00:00.000	7363.27625	0
2018-05-31 23:00:00.615	7448.4827400696995	0
2018-06-01 04:00:00.000	7490.62125	1
2018-06-01 23:00:00.450	7518.333328930999	1
2018-06-02 23:00:00.042	7630.403388155	1
2018-06-03 23:00:00.221	7716.1450680606	1
2018-06-04 22:59:59.379	7505.5892769261	0
2018-06-05 22:59:59.958	7624.187970555799	1
2018-06-11 23:00:00.901	6780.3408026703	1
2018-06-12 23:00:00.024	6525.329181606	0
2018-06-13 22:59:59.236	6321.655964780601	0
2018-06-14 23:00:00.215	6601.3241577351	1
2018-06-15 23:00:00.290	6397.441169940699	0
2018-06-16 23:00:00.015	6529.5440149899	1
2018-06-17 23:00:00.226	6482.8686968609	0
2018-06-18 23:00:00.106	6711.6496699796	1
2018-06-19 23:00:59.756	6731.7101466428	1
2018-06-20 23:01:00.621	6736.8677212375	1
2018-06-21 22:59:59.517	6729.9259369514	0
2018-06-22 23:00:59.471	6099.445277340999	0
2018-06-23 23:01:00.218	6198.700823585899	1
2018-06-24 23:01:00.463	6142.3925697055	0
2018-06-25 23:01:00.419	6244.3284549671	1
2018-06-26 23:03:59.951	6148.4227054114	0
2018-06-27 23:00:00.156	6140.1914995488005	0
2018-06-28 23:00:00.225	5954.5265818138005	0
2018-06-29 23:00:00.096	6189.309251937801	1
2018-06-30 23:00:00.070	6343.8921999592	1
2018-07-01 22:59:59.820	6373.277854120401	0
2018-07-02 23:00:00.941	6629.7495948521	1
2018-07-03 23:00:00.235	6482.8305936314	0
2018-07-04 22:59:59.541	6589.6327930083	1
2018-07-05 23:00:00.629	6538.6824323422	0
2018-07-07 22:59:59.364	6570.4275920965	0
2018-07-08 22:59:59.700	6744.9886791676	1
2018-07-09 22:59:59.392	6694.5308510827	0
2018-07-10 23:00:00.191	6364.387589598199	0
2018-07-11 22:59:59.718	6360.446668195601	1
2018-07-12 23:00:00.821	6144.8101179498	0
2018-07-14 22:59:59.633	6254.6781291793	0
2018-07-15 23:00:00.264	6366.3499035552	1
2018-07-16 22:59:59.570	6671.625919066801	1
2018-07-17 23:00:00.518	7315.5510403376	1
2018-07-18 23:00:00.074	7359.7370183427	1
2018-07-19 22:59:59.390	7484.639670385401	1
2018-07-20 23:00:00.239	7357.4456773198	0
2018-07-21 23:00:00.155	7424.7342378111	1
2018-07-22 23:00:00.021	7411.2005247349	0
2018-07-23 23:00:00.112	7730.2474798128005	1
2018-07-24 23:00:00.709	8325.801533665799	1
2018-07-25 23:00:00.584	8271.5979196832	0
2018-07-26 23:00:00.173	7925.247395879201	0
2018-07-27 23:00:00.963	8254.2773483423	1
2018-07-28 22:59:59.507	8184.6955351747	1
2018-07-29 23:00:00.230	8201.8900899474	1
2018-07-30 22:59:59.677	8166.3883602012	0
2018-07-31 23:00:00.541	7700.8341285235	0
2018-08-01 23:00:00.095	7588.5861802231	0
2018-08-02 23:00:00.182	7547.3149505122	0
2018-08-03 22:59:59.699	7423.0743779862	0
2018-08-04 23:00:00.160	7396.0411215425	0
2018-08-05 23:00:00.090	7411.5152993623	1
2018-08-06 22:59:59.932	7402.3366337439	0
2018-08-07 23:00:00.307	6748.441484181601	0
2018-08-08 23:00:00.794	6460.1531550102	0
2018-08-09 23:00:00.465	6482.973448761501	1
2018-08-10 23:00:00.654	6092.5331036604	0
2018-08-11 23:00:00.161	6391.5992583652005	1
2018-08-12 22:59:59.504	6338.7389567451	0
2018-08-13 22:59:59.990	6260.1929950271	0
2018-08-14 22:59:59.927	6123.4476006081995	0
2018-08-15 22:59:59.810	6332.606899928101	1
2018-08-16 23:00:00.352	6273.888069539301	0
2018-08-17 23:00:00.346	6566.595283395201	1
2018-08-18 22:59:59.677	6396.946368617199	0
2018-08-19 22:59:59.721	6516.6683821435	1
2018-08-20 22:59:59.887	6299.395333125501	0
2018-08-21 23:00:00.063	6470.7335666522995	1
2018-08-22 22:59:59.993	6355.881808845699	0
2018-08-23 22:59:59.910	6503.8323619614	1
2018-08-24 22:59:59.068	6675.360682783199	1
2018-08-25 22:59:59.952	6725.0323269894	1
2018-08-26 22:59:59.890	6689.8226825962	0
2018-08-27 23:00:00.943	6756.6289258732995	1
2018-08-28 22:59:59.652	7084.293616736801	1
2018-08-29 22:59:59.240	7059.2312352573	0
2018-08-30 23:00:00.137	6938.9145822993005	0
2018-08-31 22:59:59.865	7028.447311565999	1
2018-09-01 22:59:59.404	7198.0584362259	1
2018-09-02 22:59:59.965	7282.8585138311	1
2018-09-03 22:59:59.783	7260.251592559301	0
2018-09-04 22:59:59.331	7361.2718642376	1
2018-09-05 22:59:59.788	6913.1150129363	0
2018-09-06 23:00:00.373	6471.4938836540005	0
2018-09-07 22:59:59.654	6400.2687056583	0
2018-09-08 22:59:59.875	6181.7442069566005	0
2018-09-09 22:59:59.484	6253.9372013424	1
2018-09-10 23:00:00.701	6275.0831321787	1
2018-09-11 23:00:00.185	6275.6695882724	1
2018-09-12 23:00:00.368	6277.4944091253	1
2018-09-13 22:59:59.634	6283.1841998225	1
2018-09-14 23:00:00.101	6285.9824663114005	1
2018-09-15 23:00:00.546	6280.3101068801	0
2018-09-16 22:59:59.921	6281.4093556542	1
2018-09-17 23:00:00.336	6273.2200825643	0
2018-09-18 23:00:00.667	6278.5954861797	1
2018-09-19 22:59:59.702	6282.6107265937	1
2018-09-21 03:59:59.161	6288.0701702962	1
2018-09-22 03:59:59.970	6317.699685016501	1
2018-09-23 03:59:59.875	6293.8364208374	0
2018-09-24 03:59:59.865	6289.621326984699	0
2018-09-25 03:59:59.840	6466.9945639118005	1
2018-09-26 03:59:59.603	6391.3859805928005	0
2018-09-27 03:59:59.615	6509.7766212475	1
2018-09-28 03:59:59.269	6698.4160468789005	1
2018-09-29 03:59:59.104	6502.6881513173	0
2018-09-30 03:59:59.833	6576.6143197	1
2018-10-01 03:59:59.835	6647.3879467315	1
2018-10-02 03:59:59.421	6603.7543420461	0
2018-10-02 23:00:00.069	6576.354228941899	1
2018-10-03 22:59:59.276	6481.2457703264	0
2018-10-04 22:59:59.746	6594.935785785799	1
2018-10-05 23:00:00.091	6630.5752970678	1
2018-10-06 22:59:59.533	6595.2603262611	0
2018-10-07 23:00:00.583	6591.6863183363	0
2018-10-08 22:59:59.981	6662.868499557299	1
2018-10-09 22:59:59.484	6663.021070746	1
2018-10-10 23:00:00.733	6619.495845138101	0
2018-10-11 23:00:00.062	6285.859202643001	0
2018-10-12 23:00:00.204	6309.1989214047	1
2018-10-13 23:00:00.539	6331.1311540773995	1
2018-10-14 22:59:59.676	6361.417016272901	1
2018-10-15 22:59:59.958	6721.5875032778	1
2018-10-16 23:00:00.088	6724.8330778968	1
2018-10-17 23:00:00.377	6444.7470095938	0
2018-10-18 22:59:59.871	6374.648862546899	0
2018-10-19 23:00:00.340	6372.6868170702	0
2018-10-20 22:59:59.794	6407.4790849086	1
2018-10-21 23:00:00.145	6412.5304907339005	1
2018-10-22 23:00:00.527	6396.8801542538	0
2018-10-23 23:00:00.017	6396.2523240440005	0
2018-10-24 22:59:59.786	6407.667175230999	1
2018-10-25 22:59:59.884	6405.5007258241	0
2018-10-26 23:00:00.607	6392.1793373833	0
2018-10-27 23:00:00.142	6436.3554839280005	1
2018-10-28 17:00:00.147	6429.6871414322995	0
2018-10-29 22:59:59.000	6266.189682717801	0
2018-10-30 23:00:00.000	6276.4644997238	1
2018-10-31 23:00:00.000	6321.7136713069995	1
2018-11-01 22:59:58.000	6341.0948126498	1
2018-11-02 22:59:59.000	6360.1412719216005	1
2018-11-03 22:59:59.000	6344.7389429436	0
2018-11-04 22:59:58.000	6405.139754680699	1
2018-11-05 22:59:58.000	6396.3521235412	0
2018-11-06 22:59:59.000	6425.917801818499	1
2018-11-07 23:00:00.000	6514.4894527375	1
2018-11-08 22:59:59.000	6412.524289058	0
2018-11-09 22:59:59.000	6343.6325037562	0
2018-11-10 23:00:00.000	6365.655231516	1
2018-11-11 22:59:59.000	6327.480646104399	0
2018-11-12 23:00:00.000	6327.154696064599	0
2018-11-13 22:59:59.000	6282.438677162901	0
2018-11-14 22:59:58.000	5524.801093419301	0
2018-11-15 22:59:59.000	5511.1528335321	0
2018-11-16 23:00:00.000	5448.6006335653	0
2018-11-17 22:59:59.000	5497.4112787322	0
2018-11-18 23:00:00.000	5553.014895008	1
2018-11-19 23:00:00.000	4800.3428974568	0
2018-11-20 22:59:59.000	4246.3127740611	0
2018-11-21 22:59:59.000	4478.299558294099	1
2018-11-22 23:00:00.000	4405.7440313628995	0
2018-11-23 22:59:59.000	4329.9172203207	0
2018-11-24 22:59:59.000	3728.8726484882	0
2018-11-25 22:59:59.000	3951.20502915	1
2018-11-26 22:59:58.000	3640.5571648023997	0
2018-11-27 23:00:00.000	3792.1923641199	1
2018-11-28 22:59:59.000	4174.31997237	1
2018-11-29 23:00:00.000	4218.6083631146	0
2018-11-30 22:59:59.000	3952.4478953991998	0
2018-12-01 22:59:59.000	4178.60382773	1
2018-12-02 22:59:59.000	4118.5182417699	0
2018-12-03 22:59:59.000	3847.0327374089	0
2018-12-04 22:59:58.000	3889.2921196935	1
2018-12-05 22:59:58.000	3713.5733827508	0
2018-12-06 22:59:59.000	3578.2066240384	0
2018-12-07 22:59:59.000	3391.8741459694	0
2018-12-08 23:00:00.000	3452.6161853921003	1
2018-12-09 22:59:59.000	3507.3063671956	1
2018-12-10 23:00:00.000	3419.7337684576	0
2018-12-11 22:59:58.000	3360.9466282565995	0
2018-12-12 22:59:59.000	3414.8337488292	1
2018-12-13 22:59:59.000	3263.5479129872997	0
2018-12-14 22:59:59.000	3212.207080727	0
2018-12-15 23:00:00.000	3194.96227244	0
2018-12-16 22:59:58.000	3200.6424680869	1
2018-12-17 22:59:59.000	3478.4612026490004	1
2018-12-18 22:59:58.000	3562.8949463603003	1
2018-12-19 22:59:59.000	3709.3167592101	1
2018-12-20 22:59:59.000	4065.7999528499	1
2018-12-21 22:59:59.000	3824.7397939051	0
2018-12-22 23:00:00.000	3862.7263286473	1
2018-12-23 22:59:59.000	3949.7943416583003	1
2018-12-24 22:59:58.000	4054.2962598168	1
2018-12-25 22:59:59.000	3767.3500239009004	0
2018-12-26 22:59:58.000	3807.1530224727003	1
2018-12-27 22:59:58.000	3587.1982229208	0
2018-12-28 22:59:58.000	3865.5293004371	1
2018-12-31 22:59:59.000	3689.5646203364004	0
2019-01-01 22:59:58.000	3715.5644411293	1
2019-01-02 22:59:59.000	3882.3047543479997	1
2019-01-03 23:00:00.000	3795.5927412969	0
2019-01-04 22:59:59.000	3812.3811076791	1
2019-01-05 23:00:00.000	3809.9143429619	0
2019-01-06 22:59:59.000	4014.1331870739	1
2019-01-07 23:00:00.000	3989.6317409326	0
2019-01-08 22:59:59.000	3992.9861439065003	1
2019-01-09 23:00:00.000	3995.3251931641	1
2019-01-10 22:59:59.000	3617.3462911588	0
2019-01-11 22:59:59.000	3606.1648903844	0
2019-01-12 23:00:00.000	3611.5282378524	1
2019-01-13 23:00:00.000	3497.6693915005	0
2019-01-14 22:59:59.000	3654.3470673604998	1
2019-01-15 22:59:59.000	3568.7512587365995	0
2019-01-16 22:59:59.000	3593.7217397683003	1
2019-01-17 22:59:59.000	3623.717336702	1
2019-01-18 22:59:59.000	3605.8551868777004	0
2019-01-19 22:59:59.000	3690.9085636878003	1
2019-01-20 22:59:59.000	3544.2217242808	0
2019-01-21 22:59:59.000	3528.4635294479	0
2019-01-22 23:00:00.000	3581.5519472363	1
2019-01-23 22:59:59.000	3549.7707990970002	0
2019-01-24 22:59:59.000	3562.9204764613	1
2019-01-25 22:59:59.000	3566.6661636996	0
2019-01-26 22:59:59.000	3563.2780095528	0
2019-01-27 23:00:00.000	3539.6209472447	0
2019-01-28 22:59:58.000	3425.2621611882	0
2019-01-29 22:59:59.000	3395.0186452496996	0
2019-01-30 23:00:00.000	3441.0322154158002	1
2019-01-31 23:00:00.000	3420.6332265759997	0
2019-02-01 23:00:00.000	3439.8056988758003	1
2019-02-02 23:00:00.000	3433.0352852215997	0
2019-02-03 23:00:00.000	3404.499313399	0
2019-02-04 22:59:59.000	3412.2304311019	0
2019-02-05 23:00:00.000	3419.7678987458003	1
2019-02-06 23:00:00.000	3367.5190315822997	0
2019-02-07 22:59:59.000	3360.534075862	0
2019-02-08 22:59:59.000	3591.0221518825	1
2019-02-09 23:00:00.000	3617.4646801319	0
2019-02-10 22:59:59.000	3621.1540027134	1
2019-02-11 22:59:59.000	3593.1831765659003	0
2019-02-12 22:59:59.000	3579.3418810265002	0
2019-02-13 22:59:59.000	3569.5548327757	0
2019-02-14 23:00:00.000	3558.3968581046997	0
2019-02-15 22:59:59.000	3566.2477646316997	1
2019-02-16 22:59:59.000	3596.4051912371	1
2019-02-17 22:59:59.000	3606.1519884106	1
2019-02-18 23:00:00.000	3865.3181649793	1
2019-02-19 23:00:00.000	3904.4829202328	1
2019-02-20 22:59:59.000	3924.7398439210997	1
2019-02-21 23:00:00.000	3889.7584851849	0
2019-02-22 22:59:59.000	3933.6075896328	1
2019-02-23 22:59:59.000	4105.112758596099	1
2019-02-24 22:59:59.000	3763.6205157956	0
2019-02-25 22:59:59.000	3819.8653414425	1
2019-02-26 22:59:59.000	3797.5817895103005	0
2019-02-27 23:00:00.000	3772.9363353275	0
2019-02-28 22:59:59.000	3799.6785429509996	1
2019-03-01 22:59:59.000	3811.6119793671	1
2019-03-02 22:59:59.000	3804.4191701095	0
2019-03-03 22:59:59.000	3782.6641011218	0
2019-03-04 22:59:59.000	3689.8628931904	0
2019-03-05 22:59:59.000	3832.0808847342	1
2019-03-06 22:59:59.000	3848.9563696825	1
2019-03-07 22:59:59.000	3859.8399833296003	1
2019-03-08 23:00:00.000	3828.3719040694	0
2019-03-09 23:00:00.000	3898.8684595605	1
2019-03-10 22:59:59.000	3899.6558689562	0
2019-03-11 22:59:59.000	3851.2491896498	0
2019-03-12 22:59:59.000	3866.2959463248	1
2019-03-13 23:00:00.000	3846.2744415121	0
2019-03-14 22:59:59.000	3855.7443626577	1
2019-03-15 22:59:59.000	3892.0523011383	1
2019-03-16 22:59:59.000	3985.8512364813	1
2019-03-17 23:00:00.000	3970.3890446061	0
2019-03-18 23:00:00.000	3974.4157640954	1
2019-03-19 22:59:59.000	3996.0371307640003	1
2019-03-20 23:00:00.000	4027.7873954939	1
2019-03-21 22:59:59.000	3974.8114294551	0
2019-03-22 22:59:59.000	3987.3052249052002	1
2019-03-23 23:00:00.000	3977.707443288	1
2019-03-24 22:59:59.000	3968.4387009854	0
